年,北海道,青森県,岩手県,宮城県,秋田県,山形県,福島県,茨城県,栃木県,群馬県,埼玉県,千葉県,東京都,神奈川県,新潟県,富山県,石川県,福井県,山梨県,長野県,岐阜県,静岡県,愛知県,三重県,滋賀県,京都府,大阪府,兵庫県,奈良県,和歌山県,鳥取県,島根県,岡山県,広島県,山口県,徳島県,香川県,愛媛県,高知県,福岡県,佐賀県,長崎県,熊本県,大分県,宮崎県,鹿児島県,沖縄県
1920,2359.0,756.0,846.0,962.0,899.0,969.0,1363.0,1350.0,1046.0,1053.0,1320.0,1336.0,3699.0,1323.0,1776.0,724.0,747.0,599.0,583.0,1563.0,1070.0,1550.0,2090.0,1069.0,651.0,1287.0,2588.0,2302.0,565.0,750.0,455.0,715.0,1218.0,1542.0,1041.0,670.0,678.0,1047.0,671.0,2188.0,674.0,1136.0,1233.0,860.0,651.0,1416.0,572.0
1921,2385.9,767.4,855.3,978.0,904.5,979.6,1381.5,1355.7,1054.2,1062.3,1330.3,1335.5,3830.7,1359.0,1790.7,724.7,748.0,602.0,585.8,1578.7,1083.8,1573.9,2127.8,1065.6,653.2,1306.2,2686.6,2331.6,568.3,757.5,459.4,717.4,1224.7,1557.9,1051.9,673.3,677.2,1056.3,679.9,2209.8,682.3,1141.6,1244.9,869.2,657.9,1426.6,570.9
1922,2416.9,775.1,865.1,992.1,931.9,986.6,1385.9,1366.6,1064.5,1070.8,1341.1,1354.3,3984.2,1380.8,1799.3,723.2,748.8,597.8,589.0,1585.8,1094.9,1596.4,2169.6,1067.7,655.7,1330.3,2779.3,2363.7,572.3,764.3,462.8,719.0,1227.6,1575.1,1063.5,680.3,681.3,1067.6,678.8,2233.8,684.4,1147.3,1261.4,879.5,666.2,1436.7,570.6
1923,2448.9,784.3,880.8,1022.5,940.1,1002.3,1416.0,1389.2,1084.0,1093.7,1367.7,1382.1,3859.4,1353.9,1825.7,733.1,749.6,600.3,592.5,1602.5,1113.3,1626.7,2239.2,1088.2,658.4,1361.4,2926.9,2409.1,577.0,776.0,466.6,720.6,1235.1,1598.4,1076.9,685.1,693.6,1085.0,681.2,2261.1,683.7,1153.9,1280.0,895.1,676.7,1452.5,569.0
1924,2468.2,792.1,888.3,1035.6,926.7,1010.7,1426.0,1398.6,1091.5,1107.3,1380.0,1395.7,4185.5,1373.6,1839.7,741.6,750.1,603.6,595.0,1615.4,1121.5,1643.7,2273.8,1095.8,660.0,1388.0,2998.3,2424.8,579.6,780.4,468.5,719.7,1236.3,1605.4,1082.6,688.9,696.3,1089.3,686.3,2276.8,683.1,1157.8,1284.6,902.5,681.5,1461.1,563.9
1925,2499.0,813.0,901.0,1044.0,936.0,1027.0,1438.0,1409.0,1090.0,1119.0,1394.0,1399.0,4485.0,1417.0,1850.0,749.0,751.0,598.0,601.0,1629.0,1133.0,1671.0,2319.0,1108.0,662.0,1406.0,3060.0,2455.0,584.0,788.0,472.0,722.0,1238.0,1618.0,1095.0,690.0,700.0,1096.0,687.0,2302.0,685.0,1164.0,1296.0,915.0,691.0,1472.0,558.0
1926,2556.0,825.2,914.8,1064.0,937.5,1040.9,1464.7,1425.4,1099.2,1122.6,1412.1,1417.2,4694.4,1453.9,1863.6,758.2,752.1,597.0,603.7,1649.4,1146.5,1702.0,2369.5,1114.6,668.3,1435.9,3160.3,2494.6,580.7,796.9,478.6,725.9,1250.6,1635.8,1105.5,692.0,709.4,1111.9,694.5,2347.2,686.2,1191.0,1312.9,927.3,703.3,1486.2,561.5
1927,2612.1,836.5,928.6,1081.5,947.1,1052.4,1476.6,1439.7,1107.1,1152.4,1424.9,1426.6,4897.4,1495.9,1880.7,762.6,753.1,600.4,609.1,1665.9,1153.8,1723.1,2414.6,1119.6,673.5,1462.0,3260.0,2531.1,585.6,803.5,481.9,727.4,1258.7,1648.8,1113.1,696.7,715.6,1120.1,699.0,2386.4,687.4,1204.3,1326.8,932.8,715.3,1502.3,565.4
1928,2667.0,847.5,941.7,1099.2,957.1,1064.0,1489.4,1453.9,1115.4,1185.1,1437.6,1436.3,5101.4,1538.2,1898.0,767.8,754.2,603.9,614.1,1683.5,1160.9,1745.0,2459.7,1124.8,678.7,1488.2,3361.0,2567.8,590.4,810.2,485.1,729.3,1266.6,1661.6,1121.0,701.0,721.8,1128.3,703.5,2427.7,688.6,1225.2,1340.5,939.4,727.5,1517.0,569.3
1929,2729.5,860.9,956.8,1117.6,966.3,1070.1,1497.0,1467.0,1125.0,1189.7,1446.8,1447.0,5300.0,1580.8,1911.8,772.0,755.3,607.8,617.2,1701.9,1167.4,1767.5,2506.6,1134.0,684.2,1515.4,3456.2,2601.9,593.7,818.0,486.7,733.9,1274.2,1675.8,1129.1,707.0,726.5,1134.1,708.2,2469.6,689.8,1228.7,1342.6,940.5,740.8,1536.1,571.5
1930,2812.0,880.0,976.0,1143.0,988.0,1080.0,1508.0,1487.0,1142.0,1186.0,1459.0,1470.0,5409.0,1620.0,1933.0,779.0,757.0,618.0,631.0,1717.0,1178.0,1798.0,2567.0,1157.0,692.0,1553.0,3540.0,2646.0,596.0,831.0,489.0,740.0,1284.0,1692.0,1136.0,717.0,733.0,1142.0,718.0,2527.0,692.0,1233.0,1354.0,946.0,760.0,1557.0,578.0
1931,2869.2,897.8,989.3,1169.8,1004.6,1086.0,1523.4,1494.4,1150.8,1192.9,1472.8,1487.6,5521.1,1651.8,1958.1,786.0,754.5,624.7,634.5,1755.7,1189.1,1830.0,2635.0,1161.1,697.4,1593.9,3654.5,2697.1,600.7,840.8,500.0,741.3,1298.2,1718.1,1146.5,720.9,746.5,1169.4,728.2,2570.9,697.1,1251.4,1364.2,957.9,774.9,1568.5,578.6
1932,2916.0,912.2,1001.6,1195.4,1015.4,1098.4,1540.3,1504.0,1160.6,1200.8,1484.7,1502.0,5755.6,1684.7,1972.9,785.9,749.6,629.3,637.6,1759.9,1195.2,1857.7,2699.4,1164.5,703.1,1626.4,3791.8,2745.4,604.3,851.4,500.8,742.7,1309.1,1740.0,1157.6,723.3,758.5,1167.1,733.6,2604.5,693.2,1269.8,1377.6,966.0,787.3,1575.7,580.8
1933,2965.5,931.4,1013.5,1222.1,1025.5,1108.1,1555.4,1518.5,1171.5,1216.9,1498.6,1517.8,5975.1,1723.3,1989.0,789.7,759.2,635.5,640.9,1756.1,1207.9,1884.0,2748.5,1168.1,708.5,1650.9,3938.1,2797.9,608.9,854.3,499.8,744.3,1318.7,1763.9,1170.1,728.1,760.7,1160.6,733.5,2647.8,701.6,1281.6,1405.2,971.2,799.9,1580.0,583.9
1934,3014.9,948.9,1027.2,1232.6,1030.1,1115.0,1567.7,1533.1,1183.8,1230.1,1512.2,1531.7,6176.9,1773.8,1991.3,793.1,764.3,640.5,643.1,1737.8,1218.8,1911.8,2803.6,1171.1,709.8,1672.6,4112.7,2858.1,615.7,860.7,493.7,745.7,1323.0,1782.8,1180.9,729.2,751.2,1163.9,723.5,2707.7,685.5,1286.2,1400.9,973.1,811.3,1579.6,587.5
1935,3068.0,967.0,1046.0,1235.0,1038.0,1117.0,1582.0,1549.0,1195.0,1242.0,1529.0,1546.0,6370.0,1840.0,1996.0,799.0,768.0,647.0,647.0,1714.0,1226.0,1940.0,2863.0,1175.0,711.0,1703.0,4297.0,2923.0,620.0,864.0,490.0,747.0,1333.0,1805.0,1191.0,729.0,749.0,1165.0,715.0,2756.0,686.0,1297.0,1387.0,980.0,824.0,1591.0,592.0
1936,3114.2,972.1,1059.9,1260.5,1043.4,1112.6,1591.7,1551.7,1197.0,1254.6,1534.1,1549.7,6586.5,1923.5,2045.4,808.8,777.7,640.9,645.9,1697.1,1228.0,1984.1,2939.0,1171.0,702.8,1697.1,4462.7,3002.1,617.1,866.4,484.0,749.3,1319.4,1818.0,1210.0,729.5,735.7,1176.6,715.5,2805.1,683.1,1313.6,1365.4,973.4,819.9,1587.7,589.8
1937,3144.3,979.1,1066.1,1261.0,1045.5,1098.3,1601.8,1562.2,1197.8,1261.6,1540.9,1554.4,6725.7,1967.7,2066.9,813.6,777.1,640.6,648.1,1696.8,1233.0,1993.9,2981.2,1173.9,701.4,1702.9,4523.6,3046.3,612.8,866.1,483.2,751.2,1319.2,1822.1,1225.0,728.3,732.5,1182.0,718.0,2870.4,684.4,1327.1,1361.6,963.3,822.8,1574.7,580.3
1938,3176.2,994.6,1071.0,1236.9,1047.1,1102.8,1611.6,1564.8,1187.2,1266.2,1545.9,1558.1,6875.6,2009.1,2077.2,818.6,764.4,640.9,649.6,1697.5,1236.5,1976.5,3013.8,1175.8,700.6,1707.5,4582.5,3079.7,602.6,854.3,483.4,745.5,1320.0,1823.0,1236.8,716.1,731.7,1162.3,706.2,2974.4,685.3,1327.4,1360.6,963.7,825.3,1553.6,572.0
1939,3205.3,984.1,1071.3,1235.9,1045.6,1097.5,1605.7,1567.4,1178.9,1270.6,1552.6,1557.3,7081.6,2074.1,2049.4,816.7,749.9,638.7,650.2,1691.6,1237.9,1970.8,3055.9,1175.4,697.2,1705.4,4685.9,3116.7,592.7,843.4,480.6,729.8,1315.1,1817.4,1246.9,706.2,725.8,1143.3,697.7,3047.9,684.8,1329.7,1351.7,959.5,823.7,1544.5,569.3
1940,3229.0,985.0,1078.0,1247.0,1035.0,1100.0,1595.0,1595.0,1187.0,1280.0,1583.0,1561.0,7284.0,2158.0,2022.0,810.0,746.0,635.0,651.0,1683.0,1243.0,1983.0,3120.0,1178.0,692.0,1705.0,4737.0,3174.0,610.0,847.0,475.0,725.0,1308.0,1823.0,1266.0,707.0,716.0,1159.0,698.0,3041.0,686.0,1341.0,1338.0,953.0,823.0,1554.0,566.0
1941,3225.6,983.8,1074.9,1240.0,1026.4,1085.8,1584.1,1591.1,1180.8,1276.9,1580.7,1556.8,7284.3,2191.2,2003.3,805.4,736.6,623.8,623.8,1651.7,1235.9,1976.2,3124.0,1173.0,686.9,1696.1,4661.6,3186.8,601.3,838.4,471.7,717.8,1302.3,1825.5,1269.1,699.1,708.7,1158.5,690.7,3029.7,689.9,1402.1,1321.5,949.7,823.9,1547.2,564.0
1942,3258.1,997.6,1087.0,1250.8,1037.4,1054.2,1582.3,1601.5,1186.9,1283.9,1603.8,1569.8,7357.8,2288.0,2009.0,811.1,737.3,622.8,622.2,1646.9,1239.7,2001.4,3199.7,1178.3,688.6,1684.7,4659.2,3267.6,604.2,833.7,472.8,720.2,1308.7,1897.4,1312.1,699.7,710.0,1167.5,691.6,3040.4,695.3,1484.4,1308.6,955.9,830.6,1554.4,571.0
1943,3257.0,1008.6,1100.1,1266.6,1047.3,1057.1,1590.4,1634.4,1198.4,1304.2,1635.1,1620.9,7332.6,2437.6,2001.0,816.5,741.0,623.3,626.0,1649.8,1254.0,2021.0,3269.7,1196.1,690.7,1652.1,4507.6,3270.7,611.8,838.7,474.4,721.0,1323.5,1944.7,1345.7,701.1,711.1,1177.7,691.9,3054.6,704.6,1475.9,1336.6,970.0,835.9,1576.1,582.7
1944,3256.0,1009.0,1104.0,1276.0,1049.0,1084.0,1599.0,1657.0,1204.0,1320.0,1648.0,1659.0,7271.0,2474.0,1995.0,820.0,744.0,622.0,635.0,1651.0,1266.0,2028.0,3280.0,1209.0,692.0,1636.0,4413.0,3224.0,607.0,847.0,476.0,730.0,1333.0,1963.0,1357.0,703.0,713.0,1186.0,693.0,3066.0,706.0,1491.0,1371.0,974.0,840.0,1594.0,590.0
1945,3518.0,1083.0,1228.0,1462.0,1212.0,1326.0,1957.0,1944.0,1546.0,1546.0,2047.0,1967.0,3488.0,1866.0,2390.0,954.0,888.0,725.0,839.0,2121.0,1519.0,2220.0,2858.0,1394.0,861.0,1604.0,2801.0,2822.0,780.0,936.0,563.0,860.0,1565.0,1885.0,1356.0,836.0,864.0,1361.0,776.0,2747.0,830.0,1319.0,1556.0,1125.0,914.0,1538.0,
1946,3488.0,1089.0,1217.0,1462.0,1196.0,1295.0,1919.0,1941.0,1504.0,1525.0,2029.0,2009.0,4183.0,2020.0,2327.0,933.0,877.0,696.0,797.0,2029.0,1444.0,2260.0,2919.0,1372.0,831.0,1622.0,2976.0,2826.0,744.0,933.0,557.0,849.0,1539.0,1901.0,1375.0,829.0,872.0,1381.0,798.0,2907.0,857.0,1418.0,1632.0,1150.0,958.0,1630.0,
1947,3853.0,1180.0,1263.0,1567.0,1257.0,1336.0,1992.0,2014.0,1534.0,1573.0,2100.0,2113.0,5001.0,2218.0,2418.0,979.0,928.0,726.0,807.0,2060.0,1494.0,2353.0,3123.0,1416.0,858.0,1739.0,3335.0,3057.0,780.0,960.0,588.0,894.0,1620.0,2011.0,1479.0,855.0,918.0,1454.0,848.0,3178.0,918.0,1532.0,1766.0,1234.0,1026.0,1746.0,
1948,4029.7,1220.0,1304.0,1606.6,1271.3,1350.8,2012.6,2029.4,1539.6,1584.1,2112.5,2123.0,5474.8,2307.7,2425.2,990.1,945.1,728.1,808.4,2053.9,1500.4,2391.8,3236.8,1444.0,858.5,1777.6,3517.9,3123.2,771.8,964.6,591.0,901.2,1637.6,2044.3,1513.5,872.2,931.3,1475.0,862.3,3299.9,911.2,1590.0,1784.7,1264.6,1040.2,1780.1,
1949,4177.7,1253.4,1326.5,1635.0,1291.2,1353.6,2039.7,2035.9,1546.9,1593.6,2128.8,2121.5,5896.3,2396.9,2441.8,999.8,952.6,741.5,810.7,2057.7,1524.7,2440.1,3321.1,1457.4,857.8,1813.7,3712.5,3221.7,768.8,979.1,594.6,907.7,1650.4,2069.8,1551.6,872.5,940.2,1499.3,869.4,3430.6,930.6,1621.1,1805.2,1257.9,1069.3,1804.4,
1950,4296.0,1283.0,1347.0,1663.0,1309.0,1357.0,2062.0,2039.0,1550.0,1601.0,2146.0,2139.0,6278.0,2488.0,2461.0,1009.0,957.0,752.0,811.0,2061.0,1545.0,2471.0,3391.0,1461.0,861.0,1833.0,3857.0,3310.0,764.0,982.0,600.0,913.0,1661.0,2082.0,1541.0,879.0,946.0,1522.0,874.0,3530.0,945.0,1645.0,1828.0,1253.0,1091.0,1804.0,
1951,4395.0,1303.0,1365.0,1667.0,1315.0,1351.0,2067.0,2037.0,1548.0,1602.0,2167.0,2147.0,6712.0,2590.0,2459.0,1012.0,960.0,752.0,808.0,2053.0,1553.0,2506.0,3496.0,1462.0,856.0,1860.0,4072.0,3409.0,766.0,983.0,601.0,912.0,1674.0,2097.0,1553.0,874.0,944.0,1523.0,871.0,3621.0,948.0,1674.0,1833.0,1253.0,1096.0,1794.0,
1952,4506.0,1324.0,1383.0,1681.0,1322.0,1348.0,2073.0,2042.0,1546.0,1604.0,2190.0,2161.0,7109.0,2681.0,2456.0,1014.0,959.0,750.0,807.0,2038.0,1569.0,2541.0,3571.0,1469.0,854.0,1883.0,4238.0,3473.0,769.0,988.0,602.0,914.0,1677.0,2106.0,1573.0,874.0,940.0,1526.0,872.0,3719.0,956.0,1709.0,1836.0,1252.0,1103.0,1799.0,
1953,4608.0,1343.0,1399.0,1693.0,1330.0,1350.0,2078.0,2050.0,1545.0,1609.0,2213.0,2175.0,7469.0,2770.0,2458.0,1017.0,958.0,747.0,805.0,2028.0,1579.0,2575.0,3643.0,1476.0,853.0,1898.0,4395.0,3532.0,771.0,990.0,607.0,918.0,1684.0,2119.0,1588.0,874.0,938.0,1526.0,874.0,3789.0,963.0,1728.0,1848.0,1256.0,1113.0,1801.0,
1954,4690.0,1363.0,1411.0,1707.0,1337.0,1350.0,2085.0,2058.0,1545.0,1610.0,2237.0,2185.0,7774.0,2848.0,2464.0,1019.0,962.0,749.0,806.0,2023.0,1580.0,2618.0,3708.0,1481.0,853.0,1913.0,4511.0,3579.0,775.0,998.0,611.0,925.0,1687.0,2135.0,1599.0,876.0,939.0,1531.0,879.0,3824.0,970.0,1739.0,1871.0,1266.0,1126.0,2023.0,
1955,4773.0,1383.0,1427.0,1727.0,1349.0,1354.0,2095.0,2064.0,1548.0,1614.0,2263.0,2205.0,8037.0,2919.0,2473.0,1021.0,966.0,754.0,807.0,2021.0,1584.0,2650.0,3769.0,1486.0,854.0,1935.0,4618.0,3621.0,777.0,1007.0,614.0,929.0,1690.0,2149.0,1610.0,878.0,944.0,1541.0,883.0,3860.0,974.0,1748.0,1896.0,1277.0,1139.0,2044.0,
1956,4832.0,1396.0,1437.0,1740.0,1350.0,1350.0,2093.0,2065.0,1543.0,1612.0,2286.0,2218.0,8349.0,2998.0,2471.0,1024.0,969.0,756.0,804.0,2015.0,1591.0,2671.0,3855.0,1486.0,850.0,1950.0,4761.0,3673.0,777.0,1007.0,613.0,924.0,1692.0,2156.0,1617.0,874.0,943.0,1541.0,883.0,3903.0,972.0,1758.0,1903.0,1276.0,1147.0,2040.0,
1957,4879.0,1406.0,1440.0,1739.0,1347.0,1344.0,2082.0,2062.0,1535.0,1601.0,2310.0,2233.0,8681.0,3091.0,2462.0,1026.0,969.0,754.0,798.0,2003.0,1598.0,2689.0,3945.0,1484.0,846.0,1964.0,4941.0,3730.0,777.0,1003.0,609.0,915.0,1687.0,2163.0,1619.0,865.0,936.0,1532.0,875.0,3940.0,965.0,1759.0,1898.0,1267.0,1143.0,2016.0,
1958,4949.0,1416.0,1446.0,1743.0,1343.0,1337.0,2078.0,2057.0,1530.0,1592.0,2339.0,2256.0,9011.0,3191.0,2460.0,1029.0,970.0,754.0,793.0,1997.0,1608.0,2709.0,4014.0,1485.0,840.0,1977.0,5112.0,3784.0,778.0,1002.0,607.0,909.0,1681.0,2168.0,1623.0,860.0,930.0,1524.0,871.0,3979.0,960.0,1768.0,1887.0,1258.0,1142.0,2003.0,
1959,5002.0,1424.0,1450.0,1747.0,1342.0,1329.0,2069.0,2051.0,1517.0,1588.0,2378.0,2278.0,9349.0,3305.0,2452.0,1031.0,971.0,753.0,787.0,1989.0,1623.0,2732.0,4100.0,1483.0,840.0,1988.0,5294.0,3840.0,780.0,1002.0,604.0,899.0,1676.0,2180.0,1618.0,856.0,928.0,1516.0,866.0,4015.0,956.0,1775.0,1878.0,1252.0,1141.0,1987.0,
1960,5039.0,1427.0,1449.0,1743.0,1336.0,1321.0,2051.0,2047.0,1514.0,1578.0,2431.0,2306.0,9684.0,3443.0,2442.0,1033.0,973.0,753.0,782.0,1981.0,1638.0,2756.0,4206.0,1485.0,843.0,1993.0,5505.0,3906.0,781.0,1002.0,599.0,889.0,1670.0,2184.0,1602.0,847.0,919.0,1501.0,855.0,4007.0,943.0,1760.0,1856.0,1240.0,1135.0,1963.0,
1961,5073.0,1427.0,1444.0,1740.0,1327.0,1310.0,2037.0,2053.0,1513.0,1581.0,2497.0,2356.0,9967.0,3606.0,2434.0,1032.0,975.0,753.0,777.0,1975.0,1645.0,2781.0,4319.0,1491.0,844.0,2009.0,5735.0,3986.0,784.0,1004.0,595.0,879.0,1663.0,2194.0,1594.0,839.0,911.0,1488.0,845.0,3995.0,930.0,1742.0,1838.0,1230.0,1127.0,1943.0,
1962,5099.0,1421.0,1438.0,1735.0,1313.0,1296.0,2021.0,2056.0,1513.0,1584.0,2588.0,2428.0,10224.0,3801.0,2421.0,1029.0,974.0,752.0,770.0,1969.0,1656.0,2810.0,4431.0,1496.0,847.0,2029.0,5982.0,4075.0,789.0,1006.0,591.0,866.0,1653.0,2211.0,1585.0,832.0,904.0,1474.0,835.0,3990.0,911.0,1713.0,1817.0,1217.0,1114.0,1914.0,
1963,5120.0,1419.0,1431.0,1738.0,1302.0,1285.0,2007.0,2053.0,1516.0,1589.0,2718.0,2505.0,10470.0,3990.0,2412.0,1028.0,975.0,752.0,767.0,1965.0,1673.0,2842.0,4551.0,1505.0,846.0,2052.0,6206.0,4156.0,800.0,1011.0,588.0,852.0,1646.0,2231.0,1569.0,826.0,904.0,1462.0,828.0,3970.0,894.0,1693.0,1801.0,1209.0,1101.0,1895.0,
1964,5143.0,1419.0,1420.0,1745.0,1292.0,1275.0,1995.0,2055.0,1519.0,1597.0,2864.0,2609.0,10668.0,4203.0,2404.0,1027.0,978.0,752.0,765.0,1961.0,1685.0,2876.0,4680.0,1512.0,849.0,2076.0,6440.0,4238.0,811.0,1019.0,584.0,837.0,1643.0,2255.0,1551.0,820.0,902.0,1451.0,821.0,3954.0,881.0,1660.0,1783.0,1198.0,1089.0,1876.0,
1965,5172.0,1417.0,1411.0,1753.0,1280.0,1263.0,1984.0,2056.0,1522.0,1606.0,3015.0,2702.0,10869.0,4431.0,2399.0,1025.0,980.0,751.0,763.0,1958.0,1700.0,2913.0,4799.0,1514.0,853.0,2103.0,6657.0,4310.0,826.0,1027.0,580.0,822.0,1645.0,2281.0,1544.0,815.0,901.0,1446.0,813.0,3965.0,872.0,1641.0,1771.0,1187.0,1081.0,1854.0,
1966,5187.0,1418.0,1403.0,1760.0,1270.0,1252.0,1969.0,2052.0,1523.0,1605.0,3161.0,2783.0,11018.0,4595.0,2387.0,1022.0,980.0,746.0,761.0,1950.0,1701.0,2933.0,4886.0,1514.0,853.0,2122.0,6815.0,4360.0,838.0,1028.0,575.0,810.0,1648.0,2301.0,1532.0,808.0,896.0,1437.0,805.0,3980.0,868.0,1634.0,1762.0,1177.0,1078.0,1836.0,
1967,5205.0,1423.0,1396.0,1774.0,1264.0,1247.0,1963.0,2064.0,1531.0,1617.0,3328.0,2903.0,11162.0,4800.0,2383.0,1022.0,985.0,745.0,762.0,1949.0,1713.0,2973.0,4999.0,1517.0,858.0,2154.0,7009.0,4425.0,856.0,1033.0,573.0,801.0,1660.0,2331.0,1525.0,804.0,898.0,1432.0,801.0,3999.0,865.0,1627.0,1757.0,1171.0,1075.0,1819.0,
1968,5213.0,1426.0,1390.0,1789.0,1256.0,1240.0,1955.0,2079.0,1543.0,1629.0,3492.0,3032.0,11286.0,5024.0,2376.0,1022.0,989.0,744.0,761.0,1950.0,1723.0,3011.0,5124.0,1522.0,865.0,2187.0,7213.0,4496.0,877.0,1037.0,571.0,791.0,1672.0,2367.0,1515.0,798.0,899.0,1425.0,796.0,4009.0,856.0,1613.0,1742.0,1164.0,1069.0,1792.0,
1969,5210.0,1429.0,1382.0,1803.0,1249.0,1233.0,1951.0,2109.0,1559.0,1643.0,3670.0,3195.0,11367.0,5240.0,2368.0,1025.0,995.0,743.0,762.0,1953.0,1739.0,3049.0,5258.0,1532.0,875.0,2218.0,7424.0,4584.0,902.0,1040.0,570.0,782.0,1686.0,2403.0,1513.0,794.0,903.0,1421.0,791.0,4020.0,844.0,1597.0,1725.0,1158.0,1062.0,1762.0,
1970,5184.0,1428.0,1371.0,1819.0,1241.0,1226.0,1946.0,2144.0,1580.0,1659.0,3866.0,3367.0,11408.0,5472.0,2361.0,1030.0,1002.0,744.0,762.0,1957.0,1759.0,3090.0,5386.0,1543.0,890.0,2250.0,7620.0,4668.0,930.0,1043.0,569.0,774.0,1707.0,2436.0,1511.0,791.0,908.0,1418.0,787.0,4027.0,838.0,1570.0,1700.0,1156.0,1051.0,1729.0,
1971,5186.0,1429.0,1366.0,1839.0,1234.0,1219.0,1942.0,2180.0,1605.0,1676.0,4062.0,3524.0,11520.0,5712.0,2357.0,1036.0,1012.0,748.0,765.0,1966.0,1780.0,3137.0,5527.0,1558.0,909.0,2281.0,7805.0,4740.0,959.0,1047.0,568.0,767.0,1732.0,2480.0,1515.0,791.0,916.0,1423.0,787.0,4056.0,831.0,1560.0,1681.0,1163.0,1046.0,1710.0,
1972,5205.0,1436.0,1366.0,1861.0,1230.0,1215.0,1943.0,2210.0,1627.0,1695.0,4266.0,3677.0,11611.0,5926.0,2358.0,1044.0,1024.0,753.0,769.0,1977.0,1803.0,3180.0,5645.0,1575.0,925.0,2323.0,7962.0,4813.0,993.0,1054.0,570.0,764.0,1753.0,2529.0,1523.0,794.0,926.0,1431.0,792.0,4100.0,827.0,1555.0,1673.0,1167.0,1049.0,1705.0,970.0
1973,5234.0,1444.0,1369.0,1891.0,1227.0,1214.0,1949.0,2251.0,1653.0,1718.0,4475.0,3844.0,11639.0,6107.0,2365.0,1053.0,1040.0,761.0,773.0,1991.0,1826.0,3230.0,5757.0,1592.0,944.0,2364.0,8083.0,4880.0,1029.0,1060.0,573.0,766.0,1772.0,2577.0,1532.0,797.0,938.0,1440.0,798.0,4156.0,827.0,1554.0,1681.0,1171.0,1057.0,1708.0,995.0
1974,5283.0,1454.0,1375.0,1924.0,1228.0,1216.0,1960.0,2298.0,1678.0,1740.0,4658.0,4007.0,11647.0,6264.0,2377.0,1063.0,1056.0,768.0,778.0,2006.0,1848.0,3273.0,5851.0,1610.0,966.0,2396.0,8190.0,4941.0,1056.0,1066.0,578.0,767.0,1795.0,2615.0,1542.0,801.0,951.0,1452.0,802.0,4215.0,832.0,1562.0,1697.0,1179.0,1072.0,1714.0,1021.0
1975,5338.0,1469.0,1386.0,1955.0,1232.0,1220.0,1971.0,2342.0,1698.0,1756.0,4821.0,4149.0,11674.0,6398.0,2392.0,1071.0,1070.0,774.0,783.0,2018.0,1868.0,3309.0,5924.0,1626.0,986.0,2425.0,8279.0,4992.0,1077.0,1072.0,581.0,769.0,1814.0,2646.0,1555.0,805.0,961.0,1465.0,808.0,4293.0,838.0,1572.0,1715.0,1190.0,1085.0,1724.0,1043.0
1976,5395.0,1484.0,1395.0,1984.0,1239.0,1227.0,1984.0,2380.0,1717.0,1778.0,4964.0,4267.0,11674.0,6510.0,2406.0,1079.0,1082.0,779.0,787.0,2033.0,1889.0,3341.0,5988.0,1638.0,1006.0,2452.0,8330.0,5029.0,1098.0,1077.0,586.0,771.0,1829.0,2670.0,1564.0,809.0,970.0,1476.0,814.0,4353.0,842.0,1576.0,1731.0,1199.0,1100.0,1735.0,1058.0
1977,5443.0,1496.0,1401.0,2008.0,1245.0,1234.0,1998.0,2417.0,1736.0,1799.0,5091.0,4382.0,11669.0,6616.0,2417.0,1085.0,1091.0,783.0,792.0,2048.0,1909.0,3368.0,6052.0,1649.0,1026.0,2474.0,8373.0,5063.0,1124.0,1080.0,591.0,775.0,1840.0,2689.0,1573.0,813.0,979.0,1486.0,819.0,4411.0,848.0,1582.0,1747.0,1207.0,1114.0,1747.0,1071.0
1978,5490.0,1507.0,1409.0,2032.0,1250.0,1241.0,2012.0,2463.0,1753.0,1817.0,5208.0,4508.0,11659.0,6728.0,2428.0,1092.0,1100.0,787.0,796.0,2062.0,1927.0,3396.0,6115.0,1661.0,1043.0,2494.0,8412.0,5093.0,1152.0,1084.0,595.0,779.0,1850.0,2703.0,1579.0,818.0,986.0,1493.0,824.0,4460.0,854.0,1587.0,1763.0,1215.0,1127.0,1760.0,1081.0
1979,5535.0,1516.0,1416.0,2059.0,1254.0,1247.0,2023.0,2510.0,1775.0,1833.0,5318.0,4626.0,11637.0,6832.0,2439.0,1098.0,1110.0,791.0,800.0,2074.0,1943.0,3423.0,6171.0,1672.0,1061.0,2512.0,8445.0,5119.0,1181.0,1086.0,600.0,782.0,1861.0,2717.0,1583.0,822.0,993.0,1500.0,829.0,4506.0,860.0,1588.0,1777.0,1223.0,1141.0,1773.0,1094.0
1980,5576.0,1524.0,1422.0,2082.0,1257.0,1252.0,2035.0,2558.0,1792.0,1849.0,5420.0,4735.0,11618.0,6924.0,2451.0,1103.0,1119.0,794.0,804.0,2084.0,1960.0,3447.0,6222.0,1687.0,1080.0,2527.0,8473.0,5145.0,1209.0,1087.0,604.0,785.0,1871.0,2739.0,1587.0,825.0,1000.0,1507.0,831.0,4553.0,866.0,1591.0,1790.0,1229.0,1152.0,1785.0,1107.0
1981,5605.0,1526.0,1426.0,2104.0,1259.0,1255.0,2043.0,2595.0,1807.0,1864.0,5520.0,4834.0,11626.0,7022.0,2459.0,1106.0,1127.0,798.0,809.0,2093.0,1975.0,3472.0,6266.0,1702.0,1097.0,2539.0,8509.0,5171.0,1233.0,1088.0,607.0,787.0,1881.0,2761.0,1592.0,827.0,1005.0,1512.0,833.0,4594.0,869.0,1594.0,1802.0,1234.0,1158.0,1794.0,1119.0
1982,5630.0,1527.0,1429.0,2125.0,1258.0,1257.0,2052.0,2636.0,1822.0,1879.0,5615.0,4923.0,11650.0,7127.0,2465.0,1110.0,1134.0,803.0,813.0,2102.0,1990.0,3498.0,6309.0,1716.0,1112.0,2553.0,8543.0,5198.0,1254.0,1090.0,610.0,790.0,1891.0,2777.0,1597.0,830.0,1010.0,1517.0,836.0,4632.0,873.0,1595.0,1811.0,1239.0,1166.0,1801.0,1132.0
1983,5656.0,1528.0,1432.0,2144.0,1256.0,1258.0,2061.0,2670.0,1835.0,1893.0,5700.0,5005.0,11700.0,7227.0,2469.0,1113.0,1141.0,809.0,820.0,2112.0,2004.0,3522.0,6353.0,1728.0,1127.0,2569.0,8588.0,5227.0,1273.0,1090.0,612.0,790.0,1901.0,2793.0,1600.0,831.0,1014.0,1522.0,838.0,4667.0,876.0,1596.0,1820.0,1243.0,1170.0,1807.0,1146.0
1984,5672.0,1527.0,1433.0,2161.0,1255.0,1260.0,2071.0,2698.0,1850.0,1908.0,5784.0,5079.0,11759.0,7328.0,2474.0,1116.0,1147.0,813.0,826.0,2125.0,2017.0,3547.0,6401.0,1737.0,1141.0,2578.0,8632.0,5252.0,1290.0,1088.0,614.0,793.0,1909.0,2807.0,1601.0,834.0,1018.0,1526.0,839.0,4697.0,878.0,1595.0,1830.0,1248.0,1173.0,1814.0,1161.0
1985,5679.0,1524.0,1434.0,2176.0,1254.0,1262.0,2080.0,2725.0,1866.0,1921.0,5864.0,5148.0,11829.0,7432.0,2478.0,1118.0,1152.0,818.0,833.0,2137.0,2029.0,3575.0,6455.0,1747.0,1156.0,2587.0,8668.0,5278.0,1305.0,1087.0,616.0,795.0,1917.0,2819.0,1602.0,835.0,1023.0,1530.0,840.0,4719.0,880.0,1594.0,1838.0,1250.0,1176.0,1819.0,1179.0
1986,5673.0,1517.0,1431.0,2190.0,1249.0,1262.0,2085.0,2746.0,1880.0,1931.0,5954.0,5219.0,11888.0,7553.0,2478.0,1119.0,1155.0,819.0,837.0,2143.0,2036.0,3597.0,6512.0,1756.0,1166.0,2595.0,8705.0,5300.0,1318.0,1083.0,616.0,793.0,1921.0,2829.0,1598.0,835.0,1024.0,1528.0,838.0,4741.0,880.0,1589.0,1840.0,1249.0,1174.0,1816.0,1188.0
1987,5660.0,1511.0,1427.0,2206.0,1244.0,1262.0,2091.0,2769.0,1895.0,1941.0,6071.0,5307.0,11887.0,7684.0,2477.0,1120.0,1158.0,822.0,841.0,2148.0,2044.0,3619.0,6566.0,1765.0,1178.0,2601.0,8737.0,5319.0,1333.0,1079.0,616.0,792.0,1924.0,2834.0,1592.0,835.0,1024.0,1525.0,836.0,4756.0,880.0,1584.0,1842.0,1247.0,1174.0,1816.0,1199.0
1988,5656.0,1502.0,1424.0,2221.0,1238.0,1262.0,2095.0,2795.0,1908.0,1949.0,6195.0,5403.0,11873.0,7794.0,2476.0,1120.0,1160.0,822.0,845.0,2149.0,2051.0,3639.0,6606.0,1772.0,1191.0,2604.0,8748.0,5344.0,1347.0,1076.0,617.0,789.0,1925.0,2838.0,1587.0,834.0,1025.0,1522.0,833.0,4773.0,880.0,1578.0,1842.0,1243.0,1173.0,1812.0,1208.0
1989,5649.0,1492.0,1419.0,2236.0,1232.0,1260.0,2100.0,2822.0,1921.0,1959.0,6308.0,5487.0,11863.0,7891.0,2476.0,1121.0,1163.0,823.0,849.0,2153.0,2058.0,3657.0,6649.0,1782.0,1206.0,2604.0,8744.0,5372.0,1363.0,1074.0,616.0,785.0,1925.0,2843.0,1581.0,833.0,1023.0,1519.0,830.0,4793.0,879.0,1570.0,1841.0,1240.0,1172.0,1805.0,1215.0
1990,5644.0,1483.0,1417.0,2249.0,1227.0,1258.0,2104.0,2845.0,1935.0,1966.0,6405.0,5555.0,11856.0,7980.0,2475.0,1120.0,1165.0,824.0,853.0,2157.0,2067.0,3671.0,6691.0,1793.0,1222.0,2602.0,8735.0,5405.0,1375.0,1074.0,616.0,781.0,1926.0,2850.0,1573.0,832.0,1023.0,1515.0,825.0,4811.0,878.0,1563.0,1840.0,1237.0,1169.0,1798.0,1222.0
1991,5650.0,1479.0,1416.0,2267.0,1223.0,1257.0,2109.0,2871.0,1948.0,1974.0,6486.0,5617.0,11894.0,8050.0,2475.0,1121.0,1167.0,823.0,860.0,2162.0,2073.0,3687.0,6729.0,1803.0,1235.0,2608.0,8750.0,5426.0,1388.0,1076.0,615.0,778.0,1930.0,2859.0,1569.0,831.0,1023.0,1513.0,822.0,4834.0,878.0,1557.0,1844.0,1235.0,1167.0,1793.0,1230.0
1992,5661.0,1476.0,1416.0,2283.0,1220.0,1257.0,2116.0,2898.0,1959.0,1984.0,6567.0,5679.0,11887.0,8116.0,2476.0,1120.0,1171.0,823.0,865.0,2169.0,2082.0,3704.0,6776.0,1814.0,1248.0,2615.0,8761.0,5443.0,1400.0,1076.0,615.0,775.0,1935.0,2867.0,1565.0,830.0,1024.0,1511.0,819.0,4859.0,879.0,1552.0,1846.0,1233.0,1167.0,1789.0,1239.0
1993,5669.0,1476.0,1417.0,2299.0,1217.0,1256.0,2123.0,2920.0,1969.0,1990.0,6640.0,5731.0,11849.0,8166.0,2479.0,1121.0,1173.0,824.0,871.0,2175.0,2089.0,3716.0,6810.0,1823.0,1261.0,2618.0,8762.0,5457.0,1412.0,1077.0,614.0,773.0,1940.0,2873.0,1561.0,831.0,1025.0,1508.0,817.0,4885.0,880.0,1550.0,1850.0,1231.0,1171.0,1788.0,1250.0
1994,5681.0,1480.0,1418.0,2313.0,1216.0,1256.0,2129.0,2940.0,1977.0,1996.0,6703.0,5767.0,11796.0,8207.0,2484.0,1121.0,1176.0,825.0,877.0,2184.0,2095.0,3729.0,6839.0,1833.0,1273.0,2622.0,8759.0,5469.0,1420.0,1080.0,614.0,772.0,1945.0,2877.0,1559.0,830.0,1026.0,1508.0,817.0,4909.0,883.0,1549.0,1855.0,1232.0,1174.0,1791.0,1262.0
1995,5692.0,1482.0,1420.0,2329.0,1214.0,1257.0,2134.0,2956.0,1984.0,2004.0,6759.0,5798.0,11774.0,8246.0,2488.0,1123.0,1180.0,827.0,882.0,2194.0,2100.0,3738.0,6868.0,1841.0,1287.0,2630.0,8797.0,5402.0,1431.0,1080.0,615.0,771.0,1951.0,2882.0,1556.0,832.0,1027.0,1507.0,817.0,4933.0,884.0,1545.0,1860.0,1231.0,1176.0,1794.0,1273.0
1996,5697.0,1483.0,1420.0,2338.0,1210.0,1255.0,2134.0,2966.0,1991.0,2009.0,6804.0,5817.0,11808.0,8279.0,2490.0,1125.0,1181.0,828.0,885.0,2203.0,2104.0,3745.0,6897.0,1846.0,1298.0,2634.0,8807.0,5421.0,1437.0,1079.0,615.0,770.0,1951.0,2881.0,1550.0,831.0,1027.0,1505.0,816.0,4952.0,884.0,1540.0,1861.0,1230.0,1177.0,1793.0,1282.0
1997,5699.0,1481.0,1419.0,2348.0,1205.0,1253.0,2134.0,2973.0,1996.0,2013.0,6841.0,5839.0,11881.0,8319.0,2490.0,1124.0,1181.0,828.0,886.0,2207.0,2106.0,3752.0,6931.0,1851.0,1310.0,2638.0,8808.0,5455.0,1442.0,1078.0,614.0,768.0,1952.0,2882.0,1545.0,830.0,1026.0,1503.0,816.0,4971.0,882.0,1533.0,1861.0,1228.0,1175.0,1792.0,1289.0
1998,5695.0,1479.0,1419.0,2355.0,1200.0,1251.0,2132.0,2980.0,2001.0,2017.0,6877.0,5867.0,11939.0,8383.0,2488.0,1124.0,1181.0,828.0,888.0,2210.0,2108.0,3758.0,6973.0,1855.0,1323.0,2643.0,8813.0,5494.0,1443.0,1076.0,615.0,765.0,1953.0,2882.0,1540.0,829.0,1025.0,1501.0,816.0,4990.0,881.0,1526.0,1862.0,1226.0,1173.0,1790.0,1298.0
1999,5689.0,1477.0,1417.0,2360.0,1195.0,1247.0,2129.0,2981.0,2003.0,2020.0,6906.0,5893.0,11983.0,8432.0,2482.0,1122.0,1180.0,828.0,887.0,2210.0,2107.0,3761.0,7006.0,1856.0,1332.0,2645.0,8813.0,5528.0,1444.0,1074.0,614.0,763.0,1953.0,2881.0,1535.0,827.0,1025.0,1496.0,815.0,5002.0,879.0,1520.0,1861.0,1224.0,1172.0,1788.0,1308.0
2000,5683.0,1476.0,1416.0,2365.0,1189.0,1244.0,2127.0,2986.0,2005.0,2025.0,6938.0,5926.0,12064.0,8490.0,2476.0,1121.0,1181.0,829.0,888.0,2215.0,2108.0,3767.0,7043.0,1857.0,1343.0,2644.0,8805.0,5551.0,1443.0,1070.0,613.0,762.0,1951.0,2879.0,1528.0,824.0,1023.0,1493.0,814.0,5016.0,877.0,1517.0,1859.0,1221.0,1170.0,1786.0,1318.0
2001,5680.0,1473.0,1413.0,2369.0,1183.0,1241.0,2124.0,2990.0,2011.0,2029.0,6977.0,5970.0,12165.0,8575.0,2471.0,1120.0,1182.0,830.0,890.0,2222.0,2111.0,3780.0,7091.0,1862.0,1354.0,2649.0,8821.0,5572.0,1442.0,1065.0,613.0,760.0,1954.0,2880.0,1523.0,822.0,1022.0,1490.0,812.0,5030.0,876.0,1512.0,1860.0,1220.0,1168.0,1782.0,1327.0
2002,5672.0,1467.0,1407.0,2369.0,1175.0,1236.0,2118.0,2987.0,2012.0,2030.0,7000.0,5998.0,12271.0,8636.0,2462.0,1118.0,1180.0,828.0,889.0,2215.0,2110.0,3784.0,7131.0,1863.0,1361.0,2648.0,8821.0,5580.0,1437.0,1059.0,612.0,756.0,1956.0,2878.0,1517.0,820.0,1020.0,1485.0,810.0,5039.0,874.0,1505.0,1857.0,1219.0,1165.0,1776.0,1336.0
2003,5663.0,1459.0,1401.0,2369.0,1165.0,1230.0,2110.0,2985.0,2014.0,2030.0,7028.0,6030.0,12388.0,8702.0,2455.0,1116.0,1179.0,827.0,888.0,2210.0,2110.0,3790.0,7170.0,1864.0,1368.0,2650.0,8824.0,5589.0,1434.0,1052.0,611.0,752.0,1958.0,2879.0,1510.0,818.0,1018.0,1481.0,806.0,5045.0,872.0,1498.0,1852.0,1217.0,1162.0,1770.0,1345.0
2004,5650.0,1448.0,1395.0,2366.0,1156.0,1224.0,2102.0,2982.0,2016.0,2027.0,7046.0,6047.0,12482.0,8753.0,2445.0,1115.0,1178.0,824.0,886.0,2206.0,2108.0,3791.0,7209.0,1867.0,1375.0,2650.0,8825.0,5592.0,1428.0,1045.0,610.0,747.0,1959.0,2879.0,1502.0,814.0,1016.0,1475.0,802.0,5050.0,870.0,1490.0,1848.0,1214.0,1159.0,1763.0,1353.0
2005,5628.0,1437.0,1385.0,2360.0,1146.0,1216.0,2091.0,2975.0,2017.0,2024.0,7054.0,6056.0,12577.0,8792.0,2431.0,1112.0,1174.0,822.0,885.0,2196.0,2107.0,3792.0,7255.0,1867.0,1380.0,2648.0,8817.0,5591.0,1421.0,1036.0,607.0,742.0,1957.0,2877.0,1493.0,810.0,1012.0,1468.0,796.0,5050.0,866.0,1479.0,1842.0,1210.0,1153.0,1753.0,1362.0
2006,5605.0,1424.0,1375.0,2358.0,1134.0,1207.0,2080.0,2974.0,2016.0,2022.0,7079.0,6084.0,12704.0,8846.0,2420.0,1110.0,1173.0,820.0,880.0,2189.0,2105.0,3795.0,7307.0,1872.0,1390.0,2646.0,8828.0,5592.0,1417.0,1029.0,604.0,737.0,1956.0,2875.0,1484.0,806.0,1009.0,1460.0,790.0,5057.0,863.0,1467.0,1838.0,1207.0,1150.0,1744.0,1369.0
2007,5579.0,1409.0,1364.0,2354.0,1121.0,1198.0,2067.0,2973.0,2016.0,2020.0,7106.0,6119.0,12848.0,8912.0,2408.0,1107.0,1173.0,817.0,877.0,2182.0,2104.0,3796.0,7357.0,1873.0,1398.0,2643.0,8839.0,5593.0,1413.0,1021.0,601.0,733.0,1956.0,2874.0,1476.0,800.0,1006.0,1453.0,783.0,5061.0,860.0,1455.0,1832.0,1206.0,1146.0,1733.0,1374.0
2008,5548.0,1395.0,1352.0,2349.0,1109.0,1188.0,2054.0,2971.0,2015.0,2017.0,7136.0,6153.0,12973.0,8965.0,2396.0,1103.0,1172.0,814.0,871.0,2173.0,2100.0,3793.0,7399.0,1871.0,1405.0,2640.0,8847.0,5592.0,1407.0,1014.0,596.0,727.0,1953.0,2870.0,1466.0,795.0,1003.0,1445.0,775.0,5062.0,856.0,1443.0,1826.0,1204.0,1141.0,1721.0,1378.0
2009,5524.0,1383.0,1340.0,2348.0,1097.0,1178.0,2041.0,2970.0,2011.0,2014.0,7161.0,6180.0,13048.0,9006.0,2385.0,1098.0,1171.0,810.0,867.0,2162.0,2091.0,3783.0,7411.0,1864.0,1409.0,2637.0,8855.0,5591.0,1404.0,1008.0,592.0,721.0,1949.0,2864.0,1459.0,790.0,999.0,1438.0,769.0,5064.0,853.0,1434.0,1821.0,1200.0,1138.0,1712.0,1385.0
2010,5506.0,1373.0,1330.0,2348.0,1086.0,1169.0,2029.0,2970.0,2008.0,2008.0,7195.0,6216.0,13159.0,9048.0,2374.0,1093.0,1170.0,806.0,863.0,2152.0,2081.0,3765.0,7411.0,1855.0,1411.0,2636.0,8865.0,5588.0,1401.0,1002.0,589.0,717.0,1945.0,2861.0,1451.0,785.0,996.0,1431.0,764.0,5072.0,850.0,1427.0,1817.0,1197.0,1135.0,1706.0,1393.0
2011,5488.0,1363.0,1315.0,2326.0,1075.0,1162.0,1988.0,2960.0,2000.0,2001.0,7209.0,6217.0,13198.0,9060.0,2364.0,1088.0,1167.0,803.0,857.0,2142.0,2071.0,3752.0,7418.0,1847.0,1413.0,2633.0,8863.0,5584.0,1395.0,995.0,586.0,713.0,1941.0,2858.0,1444.0,780.0,992.0,1424.0,758.0,5081.0,847.0,1418.0,1813.0,1192.0,1130.0,1697.0,1402.0
2012,5465.0,1350.0,1306.0,2329.0,1063.0,1153.0,1957.0,2947.0,1992.0,1994.0,7216.0,6200.0,13234.0,9070.0,2350.0,1083.0,1164.0,800.0,852.0,2132.0,2062.0,3739.0,7431.0,1841.0,1414.0,2628.0,8861.0,5575.0,1388.0,988.0,583.0,708.0,1937.0,2855.0,1434.0,775.0,989.0,1415.0,751.0,5089.0,845.0,1408.0,1807.0,1186.0,1125.0,1687.0,1411.0
2013,5438.0,1337.0,1299.0,2333.0,1050.0,1144.0,1940.0,2937.0,1986.0,1986.0,7228.0,6201.0,13307.0,9084.0,2336.0,1077.0,1160.0,796.0,847.0,2122.0,2053.0,3730.0,7449.0,1833.0,1415.0,2622.0,8856.0,5565.0,1381.0,980.0,580.0,704.0,1932.0,2850.0,1425.0,769.0,985.0,1406.0,743.0,5096.0,841.0,1397.0,1801.0,1180.0,1119.0,1675.0,1419.0
2014,5410.0,1323.0,1290.0,2335.0,1037.0,1134.0,1927.0,2927.0,1980.0,1979.0,7247.0,6209.0,13399.0,9103.0,2320.0,1072.0,1157.0,791.0,841.0,2110.0,2043.0,3715.0,7464.0,1826.0,1414.0,2616.0,8845.0,5550.0,1373.0,972.0,577.0,699.0,1926.0,2846.0,1415.0,763.0,980.0,1396.0,736.0,5099.0,837.0,1387.0,1795.0,1173.0,1112.0,1662.0,1426.0
2015,5382.0,1308.0,1280.0,2334.0,1023.0,1124.0,1914.0,2917.0,1974.0,1973.0,7267.0,6223.0,13515.0,9126.0,2304.0,1066.0,1154.0,787.0,835.0,2099.0,2032.0,3700.0,7483.0,1816.0,1413.0,2610.0,8839.0,5535.0,1364.0,964.0,573.0,694.0,1922.0,2844.0,1405.0,756.0,976.0,1385.0,728.0,5102.0,833.0,1377.0,1786.0,1166.0,1104.0,1648.0,1434.0
2016,5355.0,1295.0,1268.0,2332.0,1011.0,1114.0,1903.0,2910.0,1969.0,1969.0,7288.0,6242.0,13646.0,9152.0,2286.0,1061.0,1151.0,783.0,831.0,2091.0,2024.0,3690.0,7509.0,1809.0,1414.0,2608.0,8841.0,5526.0,1357.0,956.0,570.0,691.0,1917.0,2840.0,1394.0,750.0,973.0,1377.0,721.0,5113.0,829.0,1367.0,1775.0,1160.0,1097.0,1637.0,1442.0
2017,5325.0,1282.0,1254.0,2326.0,999.0,1103.0,1886.0,2902.0,1962.0,1963.0,7307.0,6258.0,13768.0,9173.0,2267.0,1056.0,1148.0,780.0,826.0,2082.0,2012.0,3681.0,7528.0,1801.0,1414.0,2604.0,8841.0,5515.0,1349.0,948.0,566.0,687.0,1911.0,2833.0,1382.0,744.0,968.0,1368.0,714.0,5123.0,825.0,1355.0,1767.0,1152.0,1091.0,1626.0,1448.0
2018,5293.0,1268.0,1240.0,2320.0,985.0,1092.0,1869.0,2892.0,1953.0,1957.0,7325.0,6273.0,13887.0,9197.0,2246.0,1050.0,1145.0,777.0,821.0,2073.0,2001.0,3667.0,7541.0,1793.0,1414.0,2598.0,8838.0,5501.0,1341.0,940.0,562.0,682.0,1904.0,2824.0,1369.0,736.0,963.0,1357.0,707.0,5131.0,821.0,1341.0,1759.0,1143.0,1084.0,1614.0,1454.0
2019,5259.0,1253.0,1226.0,2312.0,972.0,1080.0,1852.0,2879.0,1943.0,1949.0,7342.0,6283.0,14007.0,9224.0,2224.0,1043.0,1139.0,771.0,815.0,2061.0,1992.0,3653.0,7557.0,1783.0,1416.0,2592.0,8842.0,5488.0,1333.0,931.0,557.0,677.0,1897.0,2813.0,1357.0,728.0,958.0,1346.0,699.0,5134.0,817.0,1327.0,1749.0,1134.0,1077.0,1602.0,1462.0
2020,5225.0,1238.0,1211.0,2302.0,960.0,1068.0,1833.0,2867.0,1933.0,1939.0,7345.0,6284.0,14048.0,9237.0,2201.0,1035.0,1133.0,767.0,810.0,2048.0,1979.0,3633.0,7542.0,1770.0,1414.0,2578.0,8838.0,5465.0,1324.0,923.0,553.0,671.0,1888.0,2800.0,1342.0,720.0,950.0,1335.0,692.0,5135.0,811.0,1312.0,1738.0,1124.0,1070.0,1588.0,1467.0
2021,5183.0,1221.0,1196.0,2290.0,945.0,1055.0,1812.0,2852.0,1921.0,1927.0,7340.0,6275.0,14010.0,9236.0,2177.0,1025.0,1125.0,760.0,805.0,2033.0,1961.0,3608.0,7517.0,1756.0,1411.0,2561.0,8806.0,5432.0,1315.0,914.0,549.0,665.0,1876.0,2780.0,1328.0,712.0,942.0,1321.0,684.0,5124.0,806.0,1297.0,1728.0,1114.0,1061.0,1576.0,1468.0
2022,5140.0,1204.0,1181.0,2280.0,930.0,1041.0,1790.0,2840.0,1909.0,1913.0,7337.0,6266.0,14038.0,9232.0,2153.0,1017.0,1118.0,753.0,802.0,2020.0,1946.0,3582.0,7495.0,1742.0,1409.0,2550.0,8782.0,5402.0,1306.0,903.0,544.0,658.0,1862.0,2760.0,1313.0,704.0,934.0,1306.0,676.0,5116.0,801.0,1283.0,1718.0,1107.0,1052.0,1563.0,1468.0
2023,5092.0,1184.0,1163.0,2264.0,914.0,1026.0,1767.0,2825.0,1897.0,1902.0,7331.0,6257.0,14086.0,9229.0,2126.0,1007.0,1109.0,744.0,796.0,2004.0,1931.0,3555.0,7477.0,1727.0,1407.0,2535.0,8763.0,5370.0,1296.0,892.0,537.0,650.0,1847.0,2738.0,1298.0,695.0,926.0,1291.0,666.0,5103.0,795.0,1267.0,1709.0,1096.0,1042.0,1549.0,1468.0
2024,5043.0,1165.0,1145.0,2248.0,897.0,1011.0,1743.0,2806.0,1885.0,1890.0,7332.0,6251.0,14178.0,9225.0,2099.0,997.0,1098.0,739.0,791.0,1987.0,1916.0,3527.0,7460.0,1711.0,1402.0,2520.0,8757.0,5337.0,1285.0,880.0,531.0,642.0,1831.0,2714.0,1281.0,685.0,917.0,1276.0,656.0,5092.0,788.0,1252.0,1697.0,1085.0,1033.0,1532.0,1466.0
2025,4985.0,1140.0,1126.0,2227.0,882.0,993.0,1712.0,2791.0,1865.0,1868.0,7287.0,6259.0,14246.0,9194.0,2068.0,986.0,1088.0,729.0,780.0,1955.0,1891.0,3469.0,7449.0,1695.0,1392.0,2503.0,8765.0,5324.0,1269.0,864.0,524.0,629.0,1809.0,2683.0,1264.0,675.0,908.0,1260.0,643.0,5082.0,781.0,1232.0,1678.0,1077.0,1019.0,1513.0,1468.0
