"年月","総合","生鮮食品を除く総合","生鮮食品及びエネルギーを除く総合","エネルギー","食料","住居","光熱・水道","家具・家事用品","被服及び履物","保健医療","交通・通信","教育","教養娯楽","諸雑費"
1970/01,25.1,25.6,,,22.4,19.4,23.8,70.6,23.5,34.5,40.3,16.8,35.1,26.6
1970/02,25.2,25.6,,,22.4,19.5,23.9,70.6,23.2,36.9,40.3,16.8,35.1,26.7
1970/03,25.6,25.8,,,22.9,20.2,24.1,71.4,23.3,36.9,41.7,16.8,35.1,26.9
1970/04,25.7,26,,,22.9,21.1,23.5,71,23.7,36.9,40.7,17.1,35.5,27
1970/05,25.6,26.1,,,22.3,21.1,23.9,71.4,24.3,36.9,40.7,17.1,35.7,26.9
1970/06,25.6,26.2,,,22.1,21.1,23.9,71.5,24.6,37,40.8,17.1,35.7,26.9
1970/07,25.4,26.2,,,21.8,21.1,23.9,71.5,25,37.2,40.8,17.1,35.5,27
1970/08,25.4,26.2,,,21.9,21.3,23.9,71.5,23.9,37,40.8,17.1,35.9,27.1
1970/09,25.8,26.5,,,22.2,21.2,25.6,72.9,25.6,37,40.8,17.1,35.8,27.1
1970/10,26.2,26.7,,,23.1,21.3,25.6,72.7,25.9,37,41,17.1,35.6,27.1
1970/11,26.3,26.9,,,22.9,21.5,25.8,72.9,26.2,37.2,41,17.1,36.2,27.3
1970/12,26.6,27,,,23.4,21.5,25.8,72.9,26.3,37.3,41,17.1,36.8,27.5
1971/01,26.8,27,,,24,21.6,25.8,73,25.2,37.3,42.3,17.1,36.8,27.8
1971/02,26.7,27,,,23.9,21.6,25.8,73.3,24.2,37.3,42.3,17.6,36.6,27.9
1971/03,26.7,27.1,,,23.8,21.6,25.8,74.2,24.8,37.3,42.3,17.6,36.7,27.9
1971/04,26.7,27.1,,,23.6,21.2,26,75.9,25.1,37.3,41.1,17.7,38.3,27.9
1971/05,26.7,27.3,,,23.2,21.7,26,75.4,26.3,37.3,41.3,17.7,38.2,27.9
1971/06,26.8,27.6,,,22.9,22.4,26,75.4,27.5,37.4,41.3,17.7,38.2,27.9
1971/07,27,27.7,,,23.2,22.8,26,74.7,27.4,37.4,41.8,17.7,38.5,27.9
1971/08,26.7,27.6,,,22.6,22.8,26,74.4,26.3,37.4,41.8,17.7,38.1,27.9
1971/09,27.5,27.8,,,24.2,22.8,26,75.7,27.7,37.3,41.8,17.7,37.9,27.9
1971/10,27.4,27.8,,,24,22.9,24.5,75.4,28,37.3,41.8,17.7,38.1,27.9
1971/11,27.4,27.9,,,24.1,23,24.5,75.7,27.8,37.4,41.8,17.7,37.9,28
1971/12,27.6,28.1,,,24.1,23,24.5,75.6,27.9,37.4,43,17.7,38.2,28.5
1972/01,27.6,28.1,,,24.2,23,24.5,75,27.5,37.4,43,17.7,38.2,28.6
1972/02,27.6,28.1,,,24.2,23.1,24.5,75,26.3,40.8,43.3,17.7,38.2,28.8
1972/03,27.6,28.1,,,24.3,23.1,24.5,74.8,26.4,40.9,42,17.7,38.6,28.8
1972/04,27.7,28.3,,,24.4,23.3,24.5,75.6,26.3,40.9,42,19.3,38.7,29
1972/05,27.8,28.4,,,24.3,23.4,24.9,75.4,27,40.9,42,19.3,39.4,29.1
1972/06,28,28.7,,,24.3,23.7,24.7,75.7,28.5,40.9,41.9,19.3,39.3,29.1
1972/07,28.1,28.8,,,24.4,23.7,24.8,75.4,28.8,40.9,42.1,19.3,39.2,29.1
1972/08,27.8,28.8,,,23.9,23.9,24.8,75.3,27.6,41.1,42.1,19.3,39.7,29.2
1972/09,28.4,29,,,24.7,24.1,24.8,75.1,29.8,41.1,42.1,19.3,39.1,29.2
1972/10,28.4,29.1,,,24.7,23.5,24.8,75.4,29.9,41.3,42.1,19.4,39.3,29.2
1972/11,28.3,29.2,,,24.3,23.6,24.8,75.7,30.4,41.3,42.1,19.4,39.3,29.2
1972/12,28.7,29.4,,,24.9,23.7,24.8,75.7,30.4,41.3,43.4,19.4,39.9,29.5
1973/01,29.2,29.8,,,25.6,23.9,24.8,76.7,31,41.3,44.4,19.4,40,29.7
1973/02,29.4,30.1,,,26,24.4,24.8,76.7,31.2,41.3,44.7,19.4,40.2,29.6
1973/03,30.1,30.7,,,26.9,24.5,25.3,77.9,32.1,41.4,45.5,19.9,41,30
1973/04,30.9,31.2,,,27.8,25.1,26.1,79.7,33.1,41.4,45.6,21.5,41.4,30.1
1973/05,31,31.6,,,27.4,25.3,26.5,81.5,34.8,41.4,45.7,21.5,42.1,30.7
1973/06,31.1,31.9,,,27.2,25.5,26.5,81.7,35,41.4,45.8,21.5,43,30.8
1973/07,31.6,32.3,,,27.8,25.5,28.5,82,35.4,41.4,46.2,21.5,44.5,30.9
1973/08,31.8,32.3,,,28.3,25.6,28.5,82.4,34.7,41.5,46.2,21.5,44.5,31
1973/09,32.5,32.9,,,29.1,25.6,28.5,83.2,37.7,41.5,46.4,21.5,44.6,31.1
1973/10,32.9,33.4,,,29.1,25.7,28.6,87.1,39.9,36.6,46.5,21.5,45.4,31.8
1973/11,33.2,33.8,,,29.4,26.6,29,89.8,39.7,36.8,46.9,21.5,45.4,31.8
1973/12,34.3,34.7,,,31,26.8,29.4,95.1,40.3,37,48.3,21.5,46.9,31.8
1974/01,35.2,35.7,,,32.2,27.7,29.9,99.1,40.6,37.4,49.4,21.8,47.2,32.4
1974/02,36.8,36.9,,,34.4,27.8,29.8,106.6,40.8,42.2,51.1,21.8,50.2,33.5
1974/03,37,37.3,,,34.1,29.2,29.8,106.5,41.4,43.4,51.6,21.8,50.7,34.8
1974/04,37.8,37.8,,,35,29.8,29.8,111.2,40.5,43.5,52.2,23.8,51.1,34.9
1974/05,37.8,38.2,,,34.6,30.5,29.8,112.4,42,43.4,52.3,23.8,51.1,34.9
1974/06,38,38.9,,,33.8,30.8,37,112.3,43.1,43.4,52.5,23.8,51.3,34.9
1974/07,38.8,39.5,,,34.7,31.1,37.8,112.9,41.6,43.4,52.5,23.8,55.6,36.9
1974/08,38.6,39.4,,,34.6,31.5,37.5,113.3,38.8,43.3,52.5,23.8,55.7,37.2
1974/09,39.4,40.1,,,35.3,31.6,38,116,42.9,43.2,52.7,23.8,55.1,38.7
1974/10,40.5,41.5,,,36.5,31.9,37.9,116.6,43.4,48.2,54.5,25.5,56.8,38.8
1974/11,41.1,41.9,,,37.2,32.4,37.7,117.7,43.5,48.3,59.6,25.5,57,38.9
1974/12,41.4,42.2,,,37.5,32.4,37.7,117.1,43.9,48.4,61.9,25.5,57,39.4
1975/01,42,42.6,,,38.2,32.7,37.4,119.7,43.3,48.4,63.5,26.7,57.6,40.5
1975/02,42.2,42.8,,,38.5,33.5,37.4,118.8,43.2,48.3,63.7,26.7,57.4,40.9
1975/03,42.2,42.7,,,38.8,33.6,37.2,118.2,42,48.3,63.8,26.7,57.8,41
1975/04,42.5,43.1,,,38.7,33.8,37.2,116.6,42.2,48.6,62.6,29.4,61.3,41.4
1975/05,43.1,43.6,,,39,33.9,37.2,117.1,45.1,49.4,62.7,29.4,61.3,41.6
1975/06,42.7,43.7,,,38.2,34.4,37.1,115.7,45.8,49.4,62.7,29.4,59.9,41.6
1975/07,42.7,43.7,,,38.1,34.6,38,115.4,44.8,49.8,62.8,29.4,59.9,41.6
1975/08,42.3,43.7,,,37.8,34.6,38,115.4,41.8,50.1,62.7,29.4,61.3,41.9
1975/09,43.6,44.6,,,39.5,34.6,38,115.4,46.8,50.1,62.8,29.4,60.5,41.9
1975/10,44.2,44.8,,,40.5,35.3,39.2,113.5,46.9,50.3,63.1,29.4,60.6,42.1
1975/11,43.8,44.9,,,39.4,35.1,39.2,113.9,46.8,50.3,63.7,29.4,60.6,42.7
1975/12,43.8,44.9,,,39.7,35.3,39.4,114.1,45.7,50.3,64.2,29.4,61.3,42.8
1976/01,44.8,45.4,,,40.9,35.3,39.7,115,45,50.3,65.5,29.5,61.1,50.2
1976/02,45.1,45.6,,,41.5,35.7,39.9,115.4,44.6,50.2,66.3,29.5,61.4,50.8
1976/03,45.3,45.9,,,41.7,35.7,39.9,115,44.9,50.2,66.3,29.5,62.2,50.9
1976/04,46.7,47,,,43,36.9,39.9,114.4,45.9,52.6,65.5,38.3,62.6,51.4
1976/05,47.1,47.2,,,43.5,37.2,39.9,117.1,47,52.5,65.4,38.3,62.4,51.9
1976/06,46.9,47.4,,,42.8,37.8,39.9,115,47.1,52.5,65.4,38.3,63,52
1976/07,47.2,47.8,,,43,37.9,43.7,115.7,47.2,52.6,66.4,38.3,62.8,52.1
1976/08,46.9,47.9,,,42.2,38,44.1,115.9,45.7,53,66.4,38.3,64.2,52.3
1976/09,48.3,48.9,,,44.1,38.1,44.7,117.1,50.9,53,66.4,38.3,63.7,52.4
1976/10,48.8,49.3,,,44.7,38.2,44.7,118.8,51.7,53,68.4,38.4,64.3,52.5
1976/11,49.2,50,,,44.2,39.6,44.7,120.3,51.8,54,71.8,38.4,65,52.6
1976/12,49.8,50.5,,,44.9,39.6,44.7,120.7,50.8,54,79.8,38.4,65.5,52.6
1977/01,49.9,50.4,,,45.3,39.8,44.6,119.8,48.7,53.9,79.8,38.4,65.5,53.5
1977/02,49.9,50.3,,,45.7,39.8,44.6,121.8,47.1,54.2,79.7,38.4,65.3,54.1
1977/03,50.2,50.5,,,46.2,39.7,44.6,121.8,48,54.4,79.7,38.4,65.1,54.1
1977/04,51.5,51.8,,,46.7,41.3,44.9,123.8,49,54.5,82.6,43.1,69.1,54.3
1977/05,52.6,52.7,,,47.5,41.9,44.9,124.1,53.6,54.5,82.6,43.1,70.2,54.6
1977/06,52.2,52.9,,,46.5,42.2,44.9,123,53.5,55.6,83.3,43.1,70.3,54.6
1977/07,51.9,53,,,45.9,42.5,44.9,124.1,52,55.6,83.3,43.1,70.5,54.6
1977/08,51.7,53,,,45.8,42.8,44.9,124.7,49.5,55.7,83.4,43.1,71.5,54.7
1977/09,52.9,53.5,,,47.9,43.3,44.9,124.1,52.6,55.7,83.5,43.1,70.7,54.7
1977/10,53.3,53.9,,,48.2,43.8,44.9,125.4,54.4,55.7,83.4,43.1,70.4,54.7
1977/11,52.6,53.9,,,46.5,44,45.2,126.3,54.5,55.8,83.5,43.1,70.4,54.7
1977/12,52.4,53.9,,,45.9,43.8,45.2,125.7,53.8,55.8,84.4,43.1,71.4,54.9
1978/01,52.5,53.6,,,46.8,44.2,44.9,125.6,50.8,56.5,84.4,43.1,70.5,55.3
1978/02,52.8,53.7,,,47.3,44.7,44.9,125.4,50.2,60.1,84,43.4,71.5,55.5
1978/03,52.9,53.8,,,47.3,44.9,44.4,126.3,50.3,60,82.6,43.4,73.2,55.7
1978/04,54.2,54.7,,,48.7,45.9,44.4,125.9,51,59.8,82.6,49.3,75.1,55.7
1978/05,54.8,55.4,,,49,47.7,44.3,125.7,53.1,60,82.3,49.3,75.9,56
1978/06,54.4,55.3,,,48.3,47.9,44.1,125.3,53.1,59.8,82.3,49.3,75,56
1978/07,54.6,55.4,,,48.7,48.2,44.1,125.3,53,59.9,82.8,49.3,75.2,56.2
1978/08,53.9,54.8,,,48.3,48.2,44.1,125.3,46.5,59.9,82.2,49.3,77.5,56.2
1978/09,54.8,55.5,,,49,48.2,44.1,126.2,52.8,59.9,81.6,49.3,77.1,56.1
1978/10,55,55.8,,,48.9,48.2,42.7,126.9,54.6,60,82.8,49.3,76.7,56.2
1978/11,54.7,55.8,,,48.2,48.2,42.7,128,54.8,60.1,83,49.3,75.9,56.2
1978/12,54.5,55.7,,,48,48.2,42.4,127.6,54.4,60.1,83,49.5,76.3,56.3
1979/01,54.7,55.6,,,48.9,48.2,42.2,126.8,52.3,60.1,83.7,49.5,75.6,56.3
1979/02,54.7,55.6,,,49,48.2,42.2,127.1,51.8,60.2,83.7,49.5,75.6,57.1
1979/03,54.8,55.6,,,49.1,48.1,42.2,126.9,51.4,60.2,83.2,49.5,78.2,57.1
1979/04,55.7,56.1,,,50,48.3,43.1,127.3,51.4,61.1,84.6,54.4,77.7,57.1
1979/05,56.4,56.6,,,50.5,48.5,43.3,128.3,55.3,61.1,85.4,54.4,78.3,57.1
1979/06,56.4,57.2,,,49.6,48.7,46.9,127.6,55.4,61.1,88.4,54.4,77.8,57.1
1979/07,56.9,57.3,,,50.6,48.7,47.7,126.9,55.4,61.1,89,54.4,77.2,57.3
1979/08,55.8,57,,,48.6,48.7,50.5,127.3,51.9,61.1,90,54.4,77.2,57.3
1979/09,57,58.1,,,49.3,48.8,51.3,128,58.7,61.1,90,54.4,77.9,57.9
1979/10,58.2,58.7,,,51.2,49.5,53.5,131,58.5,61.1,91.1,54.4,78.2,58.3
1979/11,58,58.8,,,50.6,49.5,53.8,130.3,58.5,61.2,91.2,54.4,78.9,58.3
1979/12,58.5,59.2,,,51.3,49.7,57,133.5,57.6,61.2,92.1,54.4,79,58.5
1980/01,59.5,59.5,,,53,49.8,59.6,131.5,56.8,61.5,93.3,55,78.7,59.7
1980/02,60,59.9,,,53.7,49.8,62.1,132.3,57,61.5,94.2,55,78.8,60.5
1980/03,60.4,60.2,,,54,50,63.3,134.1,55.7,61.9,94.6,55.1,79.7,60.7
1980/04,61.1,61.5,,,53.5,50.7,73.4,135.1,57.2,61.9,93.3,59.3,81,60.7
1980/05,61.6,62.3,,,53.4,51,73.5,135.4,58.2,62.9,93.7,59.3,81.5,64.6
1980/06,61.8,63,,,52.4,52,74,135.9,61.7,63,93.4,59.3,83.2,64.6
1980/07,62,63.2,,,52.7,52.1,74.4,136.3,61.7,63.6,92.9,59.3,83.5,65.4
1980/08,60.8,62.4,,,51.7,52.1,74.4,137.1,52.5,63.5,92.6,59.3,84.8,65.4
1980/09,62.2,63.3,,,53.3,52.3,74.2,137.7,60.7,63.8,92.1,59.3,84.1,65.4
1980/10,62.5,63.5,,,54,51.8,72.9,140.4,60.3,63.8,93.1,59.3,84.9,65.5
1980/11,62,63.5,,,52.9,51.8,71.9,143,60.8,63.7,92.8,59.4,85.5,65.6
1980/12,62.3,63.5,,,53.5,51.8,71.5,143,60.8,63.7,92.3,59.4,85.6,65.7
1981/01,62.9,63.7,,,54.9,52,71.4,142.7,59.7,64.1,93.9,59.4,85.5,65.7
1981/02,62.9,63.5,,,55.3,52.1,71.4,142.7,57.1,64.1,94.3,59.4,86.5,65.7
1981/03,63.2,63.7,,,55.6,52.4,71.4,142.2,57.4,63.8,94.4,59.4,86.9,65.7
1981/04,63.6,64.3,,,55.6,52.5,71.4,143.6,58.9,64.1,93.3,68.2,87.2,65.7
1981/05,64.5,65.3,,,55.9,52.8,73.1,143.5,61.8,64.3,98.5,68.2,87.7,65.7
1981/06,64.3,65.3,,,55.5,53,73.1,143.3,61.8,65.9,98.5,68.2,87.2,65.8
1981/07,64.3,65.4,,,55.3,53.2,73.1,143.2,60.9,66.3,99.3,68.2,87.8,65.9
1981/08,64.3,65.3,,,55.5,53.2,75.4,143.3,55.4,66.5,100.1,68.2,90.3,65.7
1981/09,65,65.6,,,56.7,53.4,75.7,143.9,58.5,66.5,100.2,68.2,88.6,65.7
1981/10,65.7,66,,,57.7,53.4,75.4,145.6,61.7,66.5,100.2,68.2,87.1,66.6
1981/11,65.1,66.2,,,56.1,53.4,75.2,146.3,62,66.6,100.2,68.2,87.7,66.6
1981/12,65.5,66.3,,,57,53.4,75.2,146.5,61.7,66.6,100.2,68.2,88.6,67
1982/01,65.6,66.2,,,57.5,53.4,75.2,146.5,59.7,66.8,102.3,68.2,88.2,67
1982/02,65.4,66.1,,,57.4,53.5,75.2,146.5,57.6,66.8,102.5,68.2,88.4,67
1982/03,65.2,66.1,,,56.7,53.6,75.2,146.6,58.2,66.8,102.5,68.2,88.4,67
1982/04,65.6,66.6,,,57,54.2,75.2,148,58.5,67,100.7,70.9,88.9,69.5
1982/05,66.1,67,,,57,54.3,75.2,148.6,62.5,67.2,101.4,70.9,89.1,69.4
1982/06,66.5,67.7,,,56.7,54.4,77.6,149.5,66.2,67.2,101.3,70.9,89.9,69.4
1982/07,66.1,67.7,,,55.9,54.4,77.6,148,65.9,67.2,101.4,70.9,89.6,69.4
1982/08,65.5,67,,,56.1,54.5,79.7,148,55.5,67.2,102.4,70.9,90.9,69.4
1982/09,66.8,67.6,,,57.9,54.6,79.7,147.9,60.5,67.2,102.2,70.9,91,69.6
1982/10,67.2,67.9,,,58.1,54.6,79,146.5,64,67.5,103.1,70.9,90.7,69.6
1982/11,66.4,67.9,,,56.3,54.6,79,146.6,64.1,67.5,103.1,70.9,90.4,69.6
1982/12,66.9,68.2,,,57.1,54.7,79,146.5,63.9,67.6,105.2,70.9,90.9,70
1983/01,67.1,67.8,,,58.3,54.8,77.9,146.5,60.8,67.3,104.6,70.9,91,70
1983/02,66.8,67.5,,,58.2,54.8,77.2,146.5,59.3,67.5,103.9,70.9,90.3,70
1983/03,67,67.6,,,58.7,54.9,76,146.6,59.7,67.6,103.2,70.9,91.3,70.5
1983/04,66.9,67.6,,,58.6,55.6,74.3,148.2,60,67.6,100.4,72.7,91.2,71
1983/05,67.4,67.9,,,59,56,74.1,148.3,62.1,67.6,100.4,72.7,91.2,73.6
1983/06,67.4,68.6,,,57.6,56,74.1,148.5,67.2,67.6,101.3,72.7,90.8,73.8
1983/07,67.4,68.6,,,57.9,56.4,74.1,147.9,67.4,67.6,101,72.7,90.3,73.8
1983/08,66.9,67.7,,,58.6,56.4,74.1,147.4,58.1,68.1,100.5,72.7,91.2,73.8
1983/09,67.1,68.2,,,58.2,56.4,74.1,148,62,68.1,100.1,72.7,90.7,73.8
1983/10,67.4,68.7,,,57.9,56.4,74.1,147.1,66.1,68.1,102.4,72.7,90.7,73.9
1983/11,67.2,68.7,,,57.3,56.4,74.1,146.8,65.5,68.3,102,72.7,90.6,73.9
1983/12,67,68.5,,,57.1,56.4,72.4,147.1,65.1,69.3,102.9,72.8,91.1,74
1984/01,67.2,68.1,,,58.4,56.4,72.4,146.9,60.6,69.3,103.4,72.8,90.9,74
1984/02,67.9,68.2,,,60.1,56.4,73.3,147.4,58.8,69.3,103,72.8,91.2,74
1984/03,67.9,68.2,,,60.2,56.3,73.3,148.2,58.9,68.9,101.7,72.8,91.7,74
1984/04,67.9,68.5,,,59.7,56.4,73.3,149.4,60.4,69.2,101.6,74.5,92.3,74.1
1984/05,68.3,69,,,59.6,56.5,72.9,149.4,63.4,69.2,102.7,74.5,93.5,74.1
1984/06,67.7,69.1,,,58.2,56.5,72.9,148.5,65.5,69.4,101.5,74.5,92.3,74.3
1984/07,68.4,69.3,,,59.6,56.6,72.9,149.8,65.5,69.4,101.6,74.5,92.4,74.3
1984/08,67.5,68.7,,,58.9,56.7,72.9,150,59.4,69.4,102,74.5,92.7,74.3
1984/09,68.3,69.2,,,59.9,56.7,72.6,150.4,63.3,69.4,102.6,74.5,92.5,74.8
1984/10,69.3,69.7,,,61,56.7,72.6,150.3,67.7,72.2,102.1,74.5,92.3,74.8
1984/11,68,69.6,,,58.1,56.7,72.5,150.4,68,72.2,101.8,74.5,91.7,75.2
1984/12,68.8,69.7,,,59.7,56.7,71.6,150.6,67.5,72.2,102.7,74.5,92.5,75.2
1985/01,69,69.6,,,60.6,56.8,71.7,150.9,64,73.2,104.8,73.8,93.5,75.2
1985/02,68.8,69.4,,,60.6,57,70.6,151.2,62.2,73.2,105.2,73.8,92.7,75.2
1985/03,69.1,69.6,,,60.8,57,70.6,151.5,64.1,74.3,105.3,73.8,93.1,75.3
1985/04,69,69.6,,,60.5,56.8,70.2,151.9,65,74.5,103.7,75.8,94,75.1
1985/05,69.3,70.1,,,60.3,58.1,70.2,151.8,66.5,74.5,105.4,75.8,92.6,75.1
1985/06,69.5,70.4,,,60.2,58.2,72.5,151.6,66.7,74.5,105.3,75.8,93.2,75.5
1985/07,69.3,70.4,,,59.9,58.3,72.5,152.1,66.5,74.5,104.2,75.8,93.1,75.6
1985/08,68.8,69.9,,,59.4,58.3,72.5,151.9,61.7,74.5,104.3,75.8,94.1,75.3
1985/09,69.2,70.2,,,60,58.5,72.3,151.2,64.3,74.7,104.3,75.8,93.6,75.4
1985/10,69.9,70.6,,,61.1,58.3,72.1,151.3,67,74.8,104.5,75.8,94,75.3
1985/11,69.6,70.9,,,59.9,59.2,71.8,151.2,67.8,74.8,104.8,76,94,75.3
1985/12,69.9,71,,,60.2,59.3,71.8,151.3,68.4,74.8,105.2,76,94.3,75.1
1986/01,70.3,71,,,61.5,59.6,71.8,151.2,66.3,75.1,106.6,76,94,75
1986/02,70.5,71.2,,,61.9,59.4,72.6,151.6,66,75.1,106.4,76,94.6,75
1986/03,70.4,71.2,,,61.7,59.3,71.7,151.8,67,75.1,106.3,76,94.7,75
1986/04,70.4,71.2,,,61.4,59.5,70.7,151.6,68.1,76,104,78.1,95.5,75
1986/05,70.4,71.5,,,60.9,59.6,69.2,151,70,76,103.8,77.9,96.6,77.1
1986/06,70.4,71.4,,,61.2,59.6,67.4,151,69.9,76,103.2,77.9,95.8,77.2
1986/07,70.1,71.3,,,61.1,59.6,65.3,151.3,69.9,76.2,102.7,77.9,95.7,77.2
1986/08,69.4,70.8,,,60.5,59.6,65.3,151.3,64.7,76.2,101.9,77.9,96.1,77.2
1986/09,70,70.9,,,61.6,59.7,64.3,151.5,66.9,76.4,102.3,77.9,95.9,77.2
1986/10,70,71,,,61.5,59.7,62.4,150.6,69.3,76.5,102.4,77.9,95.9,77.1
1986/11,70.2,71.3,,,61.5,59.7,61.6,150.9,71.3,76.5,103.2,77.9,96.3,77.1
1986/12,69.9,71.3,,,60.8,59.8,60.9,151,71.3,76.2,102.5,77.9,96.5,77.1
1987/01,69.7,70.8,,,61.1,59.4,60.1,150.9,68.6,76.8,104,77.9,96.1,77.1
1987/02,69.6,70.8,,,60.8,59.6,60.6,150.9,67,76.8,105.5,77.9,96,77.1
1987/03,69.9,71.3,,,60.8,59.6,61.6,150.9,69.1,76.8,106.1,78,96.6,77.2
1987/04,70.5,71.5,,,61.5,60,61.3,151.6,70.3,77.1,104.9,80.1,97.9,76.9
1987/05,70.6,71.5,,,61.6,59.2,61.3,150.6,71.9,77.3,104.7,82,97.8,76.9
1987/06,70,71.3,,,60.7,59,61.3,149.7,71.8,77.3,104.4,82,96.4,76.9
1987/07,69.6,71.3,,,59.9,59,61,149.4,71.6,77.3,104.2,82,96.2,76.9
1987/08,69.2,70.8,,,59.9,59.2,60.8,149.4,66.6,77.3,104.5,82,96.5,76.9
1987/09,70.1,70.9,,,61.5,59.2,60.8,149.1,69.1,77.3,104.1,82,96.3,76.9
1987/10,70.5,71.1,,,62.1,59.2,60.8,150.4,70.6,77.3,104.2,82,96.3,77
1987/11,69.7,71.2,,,60.2,59.3,59.4,149.5,72.4,77.3,104,82,96.4,77
1987/12,69.8,71.3,,,60,59.3,59.6,148.8,72.4,77.3,104,82,97.5,77
1988/01,69.8,71,,,60.7,59.3,58.8,148.6,69.5,77.3,105.4,82,96.9,76.9
1988/02,69.7,70.6,,,61.2,59.4,57.3,146.8,67.6,77.3,105.1,82,96.9,76.9
1988/03,69.9,70.8,,,61.5,59.3,57.2,147.4,70.3,77.3,104.3,82,97,76.9
1988/04,70.1,70.9,,,61.4,59.3,57.2,148,71.5,77.1,102.9,84.4,97.2,76.9
1988/05,70,71,,,61,59.3,57,149.4,72.9,76.9,102.9,84.7,96.8,76.9
1988/06,69.6,71,,,60,59.1,56.8,148.9,73.1,77.1,102.6,84.7,97.2,76.8
1988/07,69.6,71.1,,,60.4,59.2,56.8,148.9,71.8,77.1,102.7,84.7,96.7,76.8
1988/08,69.1,70.8,,,59.7,59.2,56.8,148.8,68.3,77.2,103.1,84.7,97.5,76.8
1988/09,69.9,71,,,61.4,59.3,56.5,148.8,71.2,77.2,102.7,84.7,96.7,76.8
1988/10,70.2,71.3,,,61.5,59.3,56,148.9,73.8,77.2,102.9,84.7,96.7,76.8
1988/11,70.1,71.5,,,60.9,59.3,56,149.5,75.9,77.2,102.7,84.7,96.6,76.8
1988/12,70.3,71.5,,,61.1,58.9,55.8,148.6,76,77.2,104.4,84.7,98,76.8
1989/01,70.2,71.1,,,61.8,59.4,56.4,147.7,71.4,77.2,104.3,84.7,96.8,76.8
1989/02,69.9,71.1,,,61.2,59.4,56.3,146.8,71,77.2,104,84.7,97.3,76.6
1989/03,70.3,71.3,,,61.4,59.7,56,146.5,73.1,77.2,102.5,84.7,98.8,76.7
1989/04,71.3,72.5,,,62,60.5,55.6,148.2,75.7,78.5,104.1,89.3,99.1,77.7
1989/05,71.5,72.8,,,61.9,61.1,55.8,148.3,76.7,78.5,104.2,89.3,100.8,77.7
1989/06,71.6,73,,,61.5,61.1,56.2,148.5,77.6,78.5,106.8,89.3,99.8,77.3
1989/07,71.3,72.8,,,61.3,60.4,57.1,148.6,75.3,78.8,107,89.3,99.7,77.3
1989/08,71.1,72.7,,,61.2,60.4,57.1,148.6,72.5,78.8,107,89.3,101.6,77.5
1989/09,72,73,,,62.9,60.7,57.4,148.8,76,78.8,106.8,89.5,100.5,77.5
1989/10,72.7,73.2,,,64.1,60.7,57.4,148.8,77.6,78.8,106.8,89.5,100.8,77.5
1989/11,71.8,73.3,,,61.7,60.7,58.4,148,78.8,78.6,106.6,89.5,99.7,77.5
1989/12,72,73.4,,,61.8,60.8,58.5,148,78.9,78.6,106.6,89.5,100.7,77.5
1990/01,72.3,73.3,,,62.9,61.6,58.4,148.7,74.9,78.1,108.1,88.7,100.9,77.9
1990/02,72.6,73.3,,,63.7,61.6,59,145.5,75.5,78.1,108.3,88.7,100.3,77.9
1990/03,72.7,73.4,,,63.6,61.9,59,145.5,76.7,78.3,107,88.7,100.3,78.2
1990/04,73.5,74.3,,,63.5,64.1,59,145.3,78.6,79,106.6,98.1,101.8,78.2
1990/05,74,74.7,,,64.3,63.7,59.2,146.7,80.5,78.9,106.7,98.1,102.3,78.1
1990/06,73.7,74.7,,,63.6,63.3,59.4,146.8,81,78.9,106.5,98.1,102.2,78.1
1990/07,73.3,74.5,,,62.9,63.1,59.4,146.8,78.4,78.9,106.6,98.1,103,78.1
1990/08,73.1,74.3,,,62.9,63.1,59.4,145.5,75.4,78.9,106.6,98.1,103.5,78.1
1990/09,74.4,75.2,,,64.8,63,61.1,148.1,81,78.8,106.5,98.1,103.1,78.5
1990/10,75.4,75.9,,,65.5,63.2,64.5,148.3,82.8,79.1,108.9,98.1,103.3,78.8
1990/11,75.3,76.4,,,64.5,63.2,66.7,149.3,84.5,79.1,109.3,98.1,103.5,78.8
1990/12,75.4,76.4,,,64.8,63.2,66.8,148.3,84.2,79.1,109.5,98.1,103.4,78.8
1991/01,75.7,76.1,,,66.2,63.6,65.9,147.5,79.2,78.7,110.4,98.1,104.5,78.8
1991/02,75.7,76.2,,,66.4,63.7,65,148,80.1,78.7,110.1,98.3,103.9,79.2
1991/03,76.3,76.6,,,67.5,63.7,64.2,148,82.1,78.8,109.8,98.3,104.6,79.4
1991/04,76.2,76.6,,,67.1,63.7,63.4,149.4,84.2,79,107.3,100.1,104.8,79.6
1991/05,76.3,76.9,,,66.8,64.3,63.3,150,86.4,79,107.3,100.1,104.8,79.6
1991/06,76.1,76.9,,,66.3,64.5,62.9,148,86.8,79,107.2,100.1,104.6,79.6
1991/07,75.5,76.6,,,65.4,64.6,62.9,147.2,83,78.9,107.6,100.1,104.6,79.6
1991/08,75.6,76.5,,,66,64.6,62.9,147.4,81.1,78.9,107.6,100.1,104.9,79.5
1991/09,75.9,76.9,,,66,64.6,62.7,147.8,85.8,78.9,107.5,100.1,103.9,79.5
1991/10,76.4,77,,,67,64.5,62.2,147.2,87.7,78.8,107.5,100.1,103.4,80.3
1991/11,77.1,77.3,,,68.1,64.5,62.4,146.7,89.5,78.8,107.8,100.1,104.7,80.3
1991/12,77.1,77.5,,,67.8,64.1,62.6,146.5,89.5,78.7,107.9,100.1,106.1,80.3
1992/01,76.4,76.8,,,67.6,63.9,62.9,146.1,82.5,78.6,109.2,100.1,105.6,80.3
1992/02,76,76.3,,,67.7,63.9,62.4,146.1,78.7,78.2,107.7,100.1,105.9,80.3
1992/03,76.4,76.7,,,67.9,63.9,61.8,147.7,82.1,78.1,107.6,100.1,106.2,81
1992/04,77,77.5,,,67.8,64,62,147.2,87.1,79.6,107.2,104.4,106.7,81.2
1992/05,77.3,78.1,,,67.6,64.5,61.7,148.4,89.8,79.6,107.3,104.4,107.7,81.3
1992/06,77.2,78.1,,,67.3,64.6,61.7,147.8,90.2,80.1,107.2,104.4,107,81.4
1992/07,76.3,77.5,,,66.3,64.4,61.7,147.4,85.3,80.1,106.5,104.4,106.3,81.4
1992/08,76.3,77.5,,,66.5,64.3,61.7,148.4,82.8,80.1,106.6,104.4,107.4,81.4
1992/09,77.6,78.4,,,68.2,64.4,62.6,148.7,89.9,80.1,106.9,104.4,107.4,82.1
1992/10,77.2,78.5,,,67.3,64.3,63.2,147.8,92.2,79.8,107,104.4,104.8,82.1
1992/11,76.8,78.5,,,66.3,64.3,62.8,147.2,92,80,106.9,104.4,105.7,82.1
1992/12,77.3,78.7,,,67.1,64.4,62.6,146.5,92.2,79.5,106.9,104.4,107,83.1
1993/01,77.2,77.9,,,68.7,64.4,62.8,146.7,83.4,79.5,108.2,104.4,105.5,83.2
1993/02,77.2,77.8,,,69.1,64.3,62.6,146.7,80.6,79.5,106.8,104.4,108,83.3
1993/03,77.5,78.2,,,68.9,64.7,62.6,146.2,85,79.5,106.9,104.4,107.5,83.4
1993/04,77.9,78.7,,,68.9,64.7,62.4,145.8,88.2,79.7,106.7,111.7,106.3,83.5
1993/05,78,79,,,68.2,65.4,62.3,144.9,91.3,79.7,106.7,111.9,106.7,82.8
1993/06,77.6,79,,,67.5,65.2,62.3,144.3,90.5,79.4,106.6,111.9,107.3,82.7
1993/07,77.4,78.4,,,68.2,65.2,62.3,143.3,84.7,79.3,106.7,111.9,107.4,82.7
1993/08,77.6,78.4,,,68.9,65.4,62.3,144.2,82,79.2,106.7,111.9,108.7,82.7
1993/09,77.9,78.9,,,68.4,65.4,61.8,144.7,88.9,79.1,106.5,111.9,107.3,83.5
1993/10,77.9,79.2,,,67.7,65.4,61.3,145.9,92.2,79.2,106.6,111.9,107.7,83.5
1993/11,77.7,79.3,,,67.7,65.2,60.9,146.1,93.4,79.1,104.9,111.9,107.1,83.6
1993/12,77.9,79.1,,,68.5,65.2,61.4,145.6,91.1,79.1,104.8,111.9,107.4,83.6
1994/01,78.2,78.9,,,70,65.2,61.4,146.1,84.7,79.2,106.9,111.9,108.2,83.6
1994/02,78.1,78.5,,,70.7,65.2,61.4,142.5,80.7,79.2,107.1,111.9,108.1,83.6
1994/03,78.2,78.7,,,70.3,65.2,61.4,142.1,84.7,79.2,107.1,111.9,107.9,83.7
1994/04,78.5,79.3,,,69.3,65.1,61.3,143.6,88.6,80,107.1,119.5,108.6,83.7
1994/05,78.7,79.9,,,68.7,65.2,61.3,143.6,92.5,80.2,107.2,120.2,110.4,83.9
1994/06,78.3,79.9,,,67.8,65.2,61.3,143.1,92.5,80.1,107.2,120.2,109.5,83.9
1994/07,77.5,79.3,,,67.1,64.9,61.3,143.3,86.3,80.1,107.2,120.2,109,83.7
1994/08,78.2,79.2,,,69.1,65,61.3,143.3,84.5,80.1,107.1,120.2,110.1,83.6
1994/09,78.2,79.2,,,68.2,65.1,61.1,143.1,89.8,80.1,107,120.2,109.7,83.9
1994/10,78.9,79.7,,,69.8,65.1,61,141.5,90.9,80.1,107,120.2,110,84.2
1994/11,78.9,80,,,69.9,64.7,61,142.1,91.5,80.2,106.9,120.2,109.8,84.2
1994/12,78.7,79.9,,,69.4,64.7,60.7,141.1,91.1,80.4,106.9,120.2,109.8,84.2
1995/01,78.7,79.6,,,70.7,64.9,61.3,142.4,82.7,80.2,108.3,120.5,110.5,84.1
1995/02,78.7,79.3,,,70.9,64.9,61.4,143.1,79,80.2,109,120.5,110.7,84
1995/03,78.6,79.6,,,69.7,64.8,61.4,142.8,83.4,80.2,109.1,120.5,111,84.1
1995/04,78.8,80,,,69.4,64.7,61.4,145.1,87.3,80.1,109.2,123.6,110.1,84.3
1995/05,78.6,79.7,,,69.4,64.8,61.4,142.9,88.7,80,107,123.6,110.5,84.3
1995/06,78.6,79.7,,,69.5,64.8,61.4,141.5,88.9,80,106.9,123.6,109.9,84.3
1995/07,77.9,79.2,,,68.5,64.8,61.1,142.2,84.5,80.9,106.9,123.6,107.5,84.3
1995/08,77.9,79,,,69.1,64.9,61.1,142,81.8,80.9,106.9,123.6,107.5,84.3
1995/09,78.2,79.3,,,69.3,64.9,61.1,140,87.1,80.9,106.4,123.6,107.7,84.2
1995/10,78.2,79.5,,,68.6,65,61.1,143.7,89.5,80.7,106.3,123.6,107.3,84.2
1995/11,77.9,79.4,,,67.5,65,61.5,139.4,90.1,80.9,106.2,123.6,107.4,84.1
1995/12,77.9,79.4,,,67.7,64.9,61.5,140.1,89.8,80.8,106.2,123.6,107.4,84.1
1996/01,77.6,78.6,,,69,64.9,60.4,139.8,81.1,80.7,106.2,123.6,107.2,84.2
1996/02,77.5,78.4,,,69.3,64.9,61.1,137.7,78.3,80.7,105.8,123.6,107.2,84.2
1996/03,78,79,,,69.3,64.9,61.2,137.3,86.1,80.7,105.6,123.6,107.3,84.3
1996/04,78.5,79.5,,,69.4,64.9,61.8,138.7,89.1,81.7,106.2,127.4,107.4,84.5
1996/05,78.6,79.4,,,69.8,64.9,61.7,138.1,89.5,81.6,106.1,127.4,107.1,84.5
1996/06,78.3,79.3,,,69.3,65.1,61.8,135.3,90.2,81.6,106.2,127.4,105.7,84.2
1996/07,77.9,79,,,69,65.1,62,135,85.1,81.6,106.2,127.4,105.5,84.3
1996/08,77.5,78.4,,,68.9,65.1,61.9,131.2,81.4,81.5,105.8,127.4,105.6,83.2
1996/09,78.2,79.3,,,68.8,66.5,61.9,132,88.6,81.6,105.5,127.4,104.7,84.3
1996/10,78.6,79.8,,,68.8,66.6,62.3,133.4,93,81.3,104.6,127.4,105.6,85.2
1996/11,78.5,80,,,68.2,66.6,62.9,134.7,93,81.3,104.6,127.4,105.3,85.3
1996/12,78.6,79.8,,,68.6,66.4,63.5,134.3,92.8,81.3,104.3,127.4,105.1,85.4
1997/01,78.2,79.3,,,68.6,66.9,63.9,135.3,82.6,81.5,104.2,127.4,105.5,85.3
1997/02,78,79.2,,,68.9,66.9,64.4,135.1,78,81.9,104.6,127.4,105.5,85.3
1997/03,78.6,79.9,,,68.5,67.7,64.7,134.4,84.8,81.9,104.6,127.4,105.7,85.2
1997/04,80.9,82.1,,,70.9,69.5,65,136.4,93.5,83,105.8,131.6,108.5,87.4
1997/05,81,82.1,,,70.8,69.6,64.9,137.4,95.3,83.1,105.3,131.6,108.5,87
1997/06,81.1,82.1,,,71.4,69.7,65,136.4,95.9,83.1,105.3,131.6,107.9,87
1997/07,80.6,81.9,,,70.6,69.7,65.1,136.6,91.6,82.9,105.1,131.6,107.7,87.3
1997/08,80.4,81.5,,,70.7,69.7,65.1,136.3,87.3,82.9,104.9,131.6,108,87.9
1997/09,81.3,82.4,,,71.1,69.7,65.1,133.3,95.8,93.1,104.6,131.6,107.8,88.2
1997/10,81.2,82.5,,,70.4,70.2,65,130.7,96.5,93.1,104.6,131.6,108.3,88.3
1997/11,80.8,82.6,,,68.9,70.3,64.8,132,97.9,93.1,104.2,131.6,108,88.3
1997/12,80.8,82.3,,,69.5,70,64.5,132,96.2,93.1,104.1,131.6,108.1,88.2
1998/01,80.5,81.5,,,70.9,70.2,64.4,131.3,84.4,93,104.1,131.7,107.9,88.3
1998/02,80.1,81.1,,,71.1,70.2,63.1,127.5,81.4,93,103.4,131.7,108,88.4
1998/03,80.5,81.3,,,71.5,69.5,62,126.7,89.3,93.1,103.2,131.7,108.3,88.3
1998/04,80.7,81.8,,,71.1,69.6,61.8,126.5,94.9,93.1,103.1,134.4,107.3,88.2
1998/05,82.9,83.5,,,72.8,76.1,61.7,127.7,96.4,93,102.8,134.4,107.4,88
1998/06,82.6,83.5,,,71.8,76.5,61.7,127.9,96.1,93,102.5,134.4,106,88.3
1998/07,82.5,83.5,,,71.5,77.3,61.5,127.3,93.1,92.7,102.6,134.4,106.2,88.3
1998/08,82.1,83.3,,,70.9,77.3,61.5,127.7,91,92.7,102.8,134.4,106.5,88.1
1998/09,82.7,83.7,,,71.3,76.8,61.5,127.3,98.5,92.7,102.7,134.4,106.8,88.8
1998/10,83.7,84,,,73.9,77,60.6,129.9,102.1,92.7,102.6,134.4,106.8,88.6
1998/11,83.3,83.9,,,72.8,76.5,60.2,128.5,103.3,92.7,103.1,134.4,106,89
1998/12,83.2,84.1,,,72.2,76.5,60.9,127.9,102.8,92.9,103.1,134.4,107,90.1
1999/01,82.6,83.5,,,72,76.5,61.6,128.2,92.6,92.9,103.3,134.4,106.6,90
1999/02,82.2,83.1,,,71.8,76,61.6,126.3,91,92.8,103.2,134.4,106.8,90
1999/03,82.6,83.4,,,72,76,61.6,126.2,94.6,92.8,103.2,134.4,106.7,90.1
1999/04,83.1,83.8,,,72.9,76.2,61.3,126.2,100,93.4,102.8,133.4,106.8,90.1
1999/05,83,83.9,,,72.3,76.2,61.1,126.9,101.4,93.2,102.8,133.4,107,90.3
1999/06,83,83.9,,,72.6,76,61.3,127.2,100.9,93.1,102.6,133.4,105.8,90.3
1999/07,82.2,83.5,,,71.3,76,61.6,125.5,95.1,91.8,102.8,133.4,106.5,90.2
1999/08,82.4,83.4,,,72.1,76,61.6,126.6,93,91.7,102.9,133.4,107.1,90.3
1999/09,83.1,83.8,,,73,76.4,61.6,125.6,98.4,91.5,103.3,133.4,107,90.4
1999/10,82.9,84.1,,,71.3,77.1,61.8,126.9,100.6,91.5,103.3,133.4,106.8,90.5
1999/11,82.4,84.2,,,69.8,77.1,62,126.6,102.2,91.4,103.5,133.4,104.9,90.6
1999/12,82.4,84,,,70.2,76.1,62.2,127,102.2,91.4,103.6,133.4,105.5,90.6
2000/01,81.8,83.2,,,70.6,76.1,62.5,126.3,91.7,91.9,103.5,133.5,105,90.8
2000/02,81.6,83,,,70.6,75,62.5,124.1,92.1,91.9,103.4,133.5,105.3,90.8
2000/03,82,83.4,,,71.1,75.3,62.5,124.8,95.6,91.9,103.7,133.5,105.6,90.8
2000/04,82.1,83.5,,,71,74.8,62.9,125.2,100.3,92.3,103.1,135,104.2,90.8
2000/05,82.3,83.9,,,70.3,75.9,63.1,124.8,100.4,92.3,103.2,135,106.2,90.8
2000/06,81.9,83.3,,,70.7,74.4,63.1,123.4,100.9,92.1,103.4,135,103.6,90.5
2000/07,81.8,83.3,,,70.4,74.9,63.3,123.3,97.5,91.9,103.5,135,104.6,90.6
2000/08,81.8,83.3,,,70.2,74.8,63.3,123.2,93.6,92,103.9,135,106.6,90.4
2000/09,82.3,83.7,,,70.8,76.8,63.3,122.7,97.6,91.9,103.3,135,104.9,90.3
2000/10,81.8,83.2,,,69.9,76,62.8,121.1,98.2,92,103.2,135,103.2,90.4
2000/11,81.6,83.2,,,69.9,76,62.9,120.1,98.7,92,103.2,135,101.5,90.2
2000/12,82.1,83.5,,,70.6,76.7,63.1,119.5,98.3,92,103.3,135,103.2,90.2
2001/01,82.3,83.1,,,72.2,77.1,63.3,119.1,91,93.2,102.8,135,101.9,90
2001/02,82.1,83,,,72.3,77.2,63.3,117.4,88.2,93.2,102.8,135,102.2,90.2
2001/03,81.8,83,,,71.3,77.1,63.3,117.2,89.9,93.2,102.3,135,102,90.2
2001/04,82,83.3,,,70.9,77.2,63.5,116.5,96.2,92.9,102.1,137.4,101.4,90.1
2001/05,82.2,83.4,,,71.1,78,63.3,116.2,96,92.8,101.5,137.4,101.4,90.2
2001/06,82.3,83.8,,,70.9,79.3,63.3,115.6,96.1,92.8,101.7,137.4,100.1,90.2
2001/07,82,83.6,,,70.6,79.3,63.2,114.9,91.7,92.9,102.3,137.4,100.6,90.1
2001/08,82,83.4,,,71.1,78.4,63.2,114.2,89.3,92.8,102.8,137.4,102.9,89.5
2001/09,82.7,84.2,,,70.5,80.9,63.2,113.8,97.6,92.6,102.1,137.4,100.9,89.4
2001/10,82.5,84.1,,,70.2,80.9,63.4,114,97.4,92.8,102.3,137.4,99.9,88
2001/11,82.2,84.2,,,69.2,81.4,63.2,114.2,98,92.7,102.1,137.4,98.7,88.5
2001/12,83,84.9,,,69.7,84.5,62.8,113.7,97.9,92.7,102.1,137.4,99.1,88.6
2002/01,82.7,84.5,,,70.2,84.9,62.7,114,90.4,92.8,101.6,137.4,98.1,88.6
2002/02,82.3,84.1,,,69.9,84.5,62.7,113.1,88.5,91.9,101.5,137.4,97.6,87.5
2002/03,82.8,84.7,,,69.9,86,62.7,111.4,90.5,93.4,101.4,137.4,98.3,87.4
2002/04,83.4,84.9,,,71,85.9,62.5,113.1,94.2,92.2,101.5,142.4,97.3,87.8
2002/05,83.6,85.1,,,71.1,86,62.8,112.8,95.9,92.4,101.9,142.4,97.2,87.6
2002/06,84.5,86.3,,,70.8,90.5,62.9,112.4,96.9,92.4,102.1,142.4,97.5,87.7
2002/07,84,85.8,,,70.1,90.4,61.7,112.4,92.1,92.1,101.4,142.4,98.4,87.7
2002/08,84.1,85.9,,,70.5,90.5,61.4,110.9,89.2,91.8,101.3,142.4,101.2,87.4
2002/09,84.3,86,,,70.8,91.1,61.4,110.8,94,91.6,101,142.4,98.7,87.3
2002/10,83.9,85.8,,,69.7,91.1,60.9,109.8,95.1,93.3,101.1,142.4,96.9,87.2
2002/11,84.4,86,,,70.9,91.1,61.5,109.6,96,93.2,101.1,142.4,97.4,87
2002/12,84.5,86,,,70.9,91.1,62.2,107.7,96.1,93.3,101.2,142.4,97.6,86.8
2003/01,84.1,85.5,,,71.1,91,62.8,107.9,88.6,93.6,101.2,142.4,96.4,86.7
2003/02,84,85.5,,,70.7,91,62.9,107.4,87.4,93.6,101.7,142.4,96.4,86.7
2003/03,84.1,85.5,,,70.6,90.8,62.9,105.5,88.9,93.8,102.4,142.4,97.6,86.6
2003/04,84.2,85.6,,,70.6,90.8,63.7,107.2,90.2,97,102,143.6,95.9,85.4
2003/05,84.2,85.7,,,70.9,90.8,63.6,106.2,89.4,97.8,102,143.6,95.9,85
2003/06,84,85.5,,,70.5,90.8,63.3,104.6,89.8,97.7,101.7,143.6,95.5,85
2003/07,83.8,85.5,,,69.7,90.8,63.4,106.3,88.2,97.7,101.3,143.6,97,86.2
2003/08,83.8,85.5,,,70.1,90.8,63.1,105.3,84.9,97.4,101.7,143.6,98.7,85.8
2003/09,83.9,85.6,,,70,90.8,62.9,103.6,88.3,97.4,101.1,143.6,97.1,89.6
2003/10,84.1,85.9,,,70.3,90.8,63,104.2,90.5,97,101.2,143.6,96.7,89.5
2003/11,83.6,85.7,,,69.3,90.8,63.1,103.6,89.6,97.1,101.1,143.6,94.8,89.2
2003/12,83.9,85.7,,,70.2,90.7,63.1,102,89.9,97.1,101.3,143.6,96.2,89.1
2004/01,83.8,85.2,,,71.1,90.7,62.5,101.3,86.6,96.3,100.7,143.6,94.6,89.3
2004/02,83.6,85,,,71.6,90.7,62.8,99.3,82.6,96.2,100.2,143.6,94.1,89.3
2004/03,83.8,85.2,,,71.6,90.6,62.5,100,84.4,96.6,100.9,143.6,94.7,89.5
2004/04,84,85.6,,,70.6,91.4,62.7,99.9,89.6,95.8,100.7,146.6,94.1,89.4
2004/05,83.8,85.4,,,70.4,91.4,63.1,99.7,89.4,95.8,100.1,146.6,93.6,89.5
2004/06,84.1,85.6,,,70.8,91.5,63.6,99.8,88.7,95.9,101,146.6,93.8,88.9
2004/07,83.7,85.5,,,70.1,91.4,63.3,100,86.9,95.3,101.3,146.6,94.6,88.8
2004/08,83.6,85.5,,,69.9,91.4,63.3,98.7,83.4,95.7,101.6,146.6,96.3,88.5
2004/09,83.8,85.6,,,69.7,91.4,64.4,98.1,87.4,96.1,101.7,146.6,94.7,88.6
2004/10,84.1,85.7,,,70.2,91.4,64.8,98.9,88.6,95.8,101.6,146.6,94.4,88.7
2004/11,84.4,85.8,,,70.7,91.4,65.3,99.9,91.6,96.3,100.5,146.6,93.7,88.8
2004/12,84,85.6,,,70,91,65.4,98.2,90.6,96.2,100.8,146.6,94,90
2005/01,84.4,85.6,,59.4,70.9,93,64.2,100,85.5,96.4,99.7,147.6,94.7,90.1
2005/02,83.9,85.2,,58.8,70.6,92.9,64,98.7,81.1,96.2,98.8,147.6,93.6,89.9
2005/03,84.1,85.4,,58.9,70.5,92.9,64.6,98.7,84.7,96.1,98.7,147.6,93.5,90
2005/04,84.3,85.7,,61.8,70.3,92.7,66.1,99,87,96.2,100.2,148.9,92.6,89.9
2005/05,84.2,85.7,,61.9,70.1,92.7,66.4,97.3,87.7,96.1,100,148.9,92.7,90
2005/06,83.5,85.5,,62,68.1,92.7,66.2,97.6,86.8,96,100.1,148.9,92.4,89.9
2005/07,83.9,85.6,,62.5,69.3,92.7,66.8,96.3,83,96,100.3,148.9,93.1,90.2
2005/08,83.6,85.6,,63.1,68.3,92.7,66.6,98.2,80.6,96.2,101.8,148.9,93.9,90.1
2005/09,83.8,85.9,,64.9,68.1,92.7,68.2,97.5,83.5,96,101.6,148.9,93.6,90.1
2005/10,83.8,85.8,,65,68.1,92.7,68.9,95.6,85.1,95.7,100.8,148.9,93,90
2005/11,83.6,85.8,,66.1,67.6,92.9,70.3,94.1,86.4,96.1,99.1,148.9,92.8,90
2005/12,83.6,85.6,,64.7,68.1,92.9,69.1,93.3,86.8,96.2,99,148.9,92.6,89.8
2006/01,84.4,85.5,,66.9,70.3,93.3,71.3,92.8,80.7,96.2,98.8,148.9,91.5,89.9
2006/02,83.8,85.1,,67.2,69.6,93,71.7,91.9,75.4,96.3,98.3,148.9,90.6,89.9
2006/03,84.1,85.6,,67.4,69.2,93,70.9,90.6,81.1,96.3,100.4,148.9,91.6,90.2
2006/04,84.1,85.8,,67.6,69,93.2,71.2,91.4,83.7,95.1,100,149.5,92.1,89.8
2006/05,84.3,86,,69.9,69,92.2,72.5,91.3,86.1,95.1,101.3,149.5,92,90.2
2006/06,84.4,85.9,,69.4,69.4,92.2,72.1,90.6,85.6,95.3,101.1,149.5,92,90.2
2006/07,84,85.6,,68.6,69.2,91.5,71.3,91.2,82.1,95.5,101.4,149.5,92.4,90.8
2006/08,84.2,85.8,,70.6,69,91.7,72.8,90.2,78.9,95.3,102.3,149.5,93.3,90.7
2006/09,84.3,85.9,,70.2,69.3,91.6,72.9,91,84.3,95.5,101,149.5,92.5,90.7
2006/10,83.9,85.5,,68.4,68.5,91.6,71.7,91.5,86.6,96.4,100,149.5,91.4,90.7
2006/11,83.7,85.6,,68.5,68.1,91.6,71.3,91.1,86.2,96.4,100.7,149.5,91.2,90.6
2006/12,83.8,85.5,,68.4,68.5,91.6,72,90.3,86.2,96.1,99.8,149.5,91.5,90.4
2007/01,83.9,85.3,,68.9,69.4,91.8,72,90.3,80,95.9,100.4,149.5,90.4,90.4
2007/02,83.1,84.7,,67,68.6,91.1,70.7,89.5,77.5,96,99.4,149.5,89.9,90.6
2007/03,83.3,84.8,,66.2,68.6,91.6,69.9,89.6,81.5,96.2,98.8,149.5,91.2,90.4
2007/04,83.6,85,,66.7,69.2,91.9,70.4,90.6,85,95.6,98.9,150.4,90.3,90.1
2007/05,83.9,85.3,,69,69,92,71.5,89.4,85,95.9,100.5,150.4,89.9,90.4
2007/06,83.6,85.4,,69.4,68.1,92.4,71.6,89.4,84.5,95.6,100.8,150.4,89.4,90.2
2007/07,83.6,85.2,,69.5,68.5,92.1,71.7,89.5,80.4,96,101.1,150.4,89,90.3
2007/08,83.8,85.5,,70.5,68.4,92.1,72.2,89.6,78.6,96.1,102.1,150.4,91.3,90.8
2007/09,84.1,85.5,,69.9,69.2,92.1,71.9,90,84,95.6,100.9,150.4,90.4,90.4
2007/10,84.1,85.7,,70.8,69,92.1,72.9,91.4,86.1,95.4,100.9,150.4,89.1,90.8
2007/11,84.2,86,,73.9,68.5,92.1,75,90.3,86.4,95.7,102.2,150.4,88.2,90.9
2007/12,84.8,86.6,,77.6,68.9,92.1,78.1,90,86.1,95.8,103.3,150.4,87.6,90.7
2008/01,84.8,86.3,,76.5,69.9,92.1,77.7,91.6,78.9,96.1,102.5,150.4,88.1,91.1
2008/02,84.6,86.1,,76.1,69.8,92.1,77.7,91.6,75.9,95.9,102.2,150.4,87.5,91
2008/03,85,86.7,,77.2,69.9,92.1,77.9,92.6,80.6,96.1,103.7,150.4,87.7,91.2
2008/04,85.1,86.7,,74.9,70.3,92.1,78.1,92.1,84.1,96.3,100,151.1,87.8,91.5
2008/05,85.9,87.6,,79,71,92.1,78.9,94,85.3,96.4,104.8,151.1,87.6,91.5
2008/06,86.6,88.4,,84.8,71,92.1,83.8,93.5,84.3,95.4,106.2,151.1,87.5,91.6
2008/07,87.1,88.9,,87.8,71.2,92.4,86.2,93.2,82.4,95.9,107.5,151.1,88.4,91.1
2008/08,87.3,89.2,,89.7,71,92.4,87.3,93.2,79.3,95.6,108.8,151.1,89.8,91.5
2008/09,86.9,88.9,,86.6,70.8,92.4,85.7,94.2,85.4,95.2,106.2,151.1,88.6,91.6
2008/10,86.5,88.2,,81.5,71.4,92.2,81.7,95.1,87,94.9,104.8,151.1,88,91.9
2008/11,85.5,87.3,,75,70.9,92.2,77.2,94.4,87,94.6,101.7,151.1,87.9,91.8
2008/12,84.8,86.5,,68.4,71.3,92.2,72.5,93.5,87.9,93.8,99.2,151.1,88.2,91.7
2009/01,84.5,85.9,,66.7,72.3,92.1,72.6,94.4,78.7,94.4,96.8,151.1,87.3,92
2009/02,84.1,85.6,,66.7,71.4,92.1,72.2,93.8,76.4,94.3,97.3,151.4,87.2,91.9
2009/03,84.2,85.7,,65.3,71.9,91.8,70.5,93.5,81.7,92.9,97.9,151.4,88.4,91.5
2009/04,84.1,85.7,,65.6,71.4,91.2,69.9,93.8,86.4,93.8,98.7,152.2,87.2,91.5
2009/05,84.1,85.4,,64.2,71.9,91.2,68.9,93.4,85.3,94.2,98,151.7,87.5,91.4
2009/06,84,85.4,,65.3,71.3,91.1,69.6,93.5,85.6,94.3,98.5,151.7,86.6,91.4
2009/07,84.1,85.8,,67.4,71.3,91,70.7,92.7,83.3,94.5,100.1,151.7,87.5,91.4
2009/08,84.2,85.6,,67.9,71.7,91,71.2,92.2,78,94.9,100.2,151.7,88.4,91.4
2009/09,84.6,86.1,,67.9,71.9,91.6,71.2,93.1,86.2,94,99.6,151.7,87.6,91.6
2009/10,83.9,85.8,,66.6,70.3,91.7,70,93.4,85.7,94.5,99.3,151.7,87,91.3
2009/11,83.5,85.5,,65.6,69.6,91.7,69.7,92.5,87.4,93.2,98.4,151.7,86.5,91.2
2009/12,83.8,85.7,,66.7,70.2,91.7,70.7,90.9,86.7,94,98.7,151.7,86.8,91.2
2010/01,84.3,85.6,,67.7,72,91.6,71.2,91.9,82.6,93.3,99.5,132.8,88.4,91.4
2010/02,84.3,85.7,,68.4,71.9,91.6,71.8,90.2,83.8,92.9,99.7,132.8,88.4,91.4
2010/03,84.1,85.4,,68.2,71.8,91,71.4,90,84.4,93.1,99.7,132.8,88.2,91.5
2010/04,84.2,85.3,,69.1,72.3,91,72.1,89.9,86.6,94.3,99.7,114.6,88.1,91.5
2010/05,84.1,85.5,,72.2,71.5,91,73.8,89.2,86.6,94.7,101.2,114.7,87,91.5
2010/06,83.8,85.1,,70.6,71.5,91,72.9,88.4,87.4,94.5,100.2,114.7,86,91.3
2010/07,83.4,84.9,,69.4,71,91,72.3,87.5,85.7,95,99.3,114.7,85.9,91.4
2010/08,83.1,84.6,,69.7,70.5,91,72.6,86.9,83.5,93.9,99,114.7,85.7,91.2
2010/09,83.4,84.6,,69.6,71.3,91,72.8,86.4,87.8,93.9,98.7,114.7,85,91.2
2010/10,83.7,84.9,,69.1,71.6,90.9,72.4,87.4,88,94.6,97.9,114.7,84.6,97.2
2010/11,83.6,84.8,,69.1,71.5,90.9,72.4,87.2,88.3,94.3,98.1,114.7,83.7,97.4
2010/12,83.7,85,,70,71.2,90.8,72.9,87.7,88.7,94.1,98.4,114.7,84.7,96.7
2011/01,83.9,85.1,,71.9,71.7,90.8,74.7,87.2,83.9,93.8,98.9,114.7,84.4,96.9
2011/02,83.9,85.1,,72.9,71.8,90.8,75.2,87.3,84.5,93.7,99.4,114.7,83.3,96.9
2011/03,84.2,85.5,,76.1,71.6,90.7,77.1,86.6,86.1,92.9,101.2,114.7,83,96.8
2011/04,84.3,85.8,,77.7,71.2,90.7,78.3,88.5,87,93.2,102,115.2,81.9,97
2011/05,84.5,86.1,,78.4,70.5,90.7,78.8,87.8,87.2,94.2,102.2,115.2,84.3,97
2011/06,84.2,85.8,,77.9,70.6,90.5,79,87,87.6,94.8,100.6,115.2,83.5,96.2
2011/07,84.2,85.6,,77.4,70.8,90.4,78.5,85.5,86.1,93.8,101.3,115.2,83.9,96.2
2011/08,84.1,85.5,,77.7,71.2,90.4,78.4,85.2,84,93.4,101.6,115.2,82.9,96.3
2011/09,83.7,85.1,,76.6,70.7,90.4,77.8,84,87,93.5,100.8,115.2,81.8,96.1
2011/10,83.7,84.9,,75,71.3,90.4,76.6,84.1,87.1,93,100.4,115.2,81.1,96
2011/11,83.3,84.9,,75.1,70.2,90.5,76.6,84.9,88.1,93.5,100.6,115.2,79.3,96.1
2011/12,83.3,84.9,,75.7,70.2,90.7,77.4,83.9,88.2,93.7,100.5,115.2,78.7,96.3
2012/01,83.5,84.6,,75.3,71.5,90.7,77.3,84.8,85.6,93.7,100.6,115.2,77.8,95.9
2012/02,83.7,84.8,,75.7,71.6,90.6,77.6,83.9,85,93,100.7,115.2,79.8,95.9
2012/03,84.4,85.3,,78.9,72.2,90.5,79.5,83.6,86.5,93.1,102.1,115.2,80.2,96.3
2012/04,84.1,85.3,,79.5,71.6,89.5,79.7,84.4,87.6,92.9,102.6,114.8,80.1,96.1
2012/05,83.8,85.1,,78.6,70.6,89.3,79.5,83.8,88.4,93.4,101.8,115.2,80.7,96.1
2012/06,83.1,84.5,,75.8,70,89.1,77.8,82.9,88.1,93.3,100.4,115.2,80.2,95.8
2012/07,82.7,84.1,,74.8,69.4,89.3,77.1,82.7,84.5,93.2,99.8,115.2,80.5,96.1
2012/08,82.5,84.1,,75.2,68.9,89.3,77.5,82.3,83,93.1,99.9,115.2,80.7,96.1
2012/09,82.8,84.4,,76.8,69.1,89.3,78.3,82.2,87.3,93.4,100.8,115.2,79.3,96.4
2012/10,82.9,84.6,,77.2,69.1,89.3,78.3,83.1,87.1,93.4,101.4,115.2,79.5,96.3
2012/11,82.7,84.3,,76.5,69.2,89.3,78,81.6,86.7,92.5,100.6,115.2,78.8,96.4
2012/12,82.7,84.2,,76.8,69.3,89.2,78,80.7,87,92.2,100.8,115.2,78.8,96.4
2013/01,83.1,84.2,,79,70.3,89.3,80.1,81.6,84,92.2,101.1,115.2,77.9,96.2
2013/02,83,84.3,,80.7,70,89.3,81.3,79.8,84,92.1,101.8,115.2,76.9,96.2
2013/03,83,84.4,,80.3,69.4,89.3,80.5,79.5,85.5,92.2,102.1,115.2,78,96.9
2013/04,83.1,84.5,,78.8,69.6,89.3,79.6,79.9,88.4,91.6,102.1,115.4,78.6,96.5
2013/05,83,84.5,,78.1,69.3,89.2,79.7,79.6,88.2,92.1,101.5,115.4,79.5,96.6
2013/06,83.1,84.6,,79,68.9,89.3,80.1,79,88,92.1,102.1,115.4,79.9,96.6
2013/07,83.2,84.6,,80.1,69.3,89.3,80.9,79.1,85.6,91.8,102.6,115.4,79.6,96.5
2013/08,83.3,84.7,,81.3,69.2,89.3,81.5,78.5,84,92.1,103.5,115.4,79.9,96.7
2013/09,84.1,85.3,,84.6,70.6,89.4,84.7,78.4,87.5,92,103.6,115.4,79,96.5
2013/10,84.1,85.4,,84.2,70.1,89.4,84.5,79.6,88.7,91.8,103.1,115.4,79.3,98.6
2013/11,84.1,85.5,,84.4,69.9,89.6,84.9,79.4,89,91.4,103,115.4,79.6,99
2013/12,84.4,85.7,,84.6,70.6,89.6,85.1,79.6,90,91.4,103,115.4,79.6,98.8
2014/01,84.6,85.7,,85.1,71.3,89.6,85.4,79.2,88.9,91.3,103.2,115.4,79.1,99.1
2014/02,84.8,85.9,,85.4,71.6,89.6,85.8,79.5,88.1,91.6,103.1,115.4,79.9,98.8
2014/03,84.7,85.8,,85.2,71.5,89.4,85.5,79.8,88.7,91.2,103.2,115.4,79.6,98.7
2014/04,86.6,87.7,,87.1,73.5,89.8,87,81.2,91.4,93.1,105.7,118.9,82.9,101.2
2014/05,86.9,87.9,,88.5,73.9,89.8,88.4,80.7,90.7,93.3,106.5,119.2,82.9,101.2
2014/06,87,88,,88.5,73.9,90.3,88.3,79.9,90.5,93.3,106.1,119.2,83.8,101.1
2014/07,87.1,88.2,,88.6,73.8,90.3,88.3,79.4,89.9,93.1,106.6,119.2,85.5,100.7
2014/08,87,88,,88.7,73.9,90.2,88.7,78.5,88.4,93,106.2,119.2,84.9,100.6
2014/09,87.2,87.9,,87.5,74.9,90.3,88,78.6,89.8,92.8,105.2,119.2,84.5,101
2014/10,87.1,88.2,,86.8,73.8,90.4,87.7,80.9,92.3,93,105.8,119.2,84.6,101.2
2014/11,86.5,87.8,,85.9,73.3,90.4,87.1,79.4,91.7,93.4,105.4,119.2,82.7,100.8
2014/12,86.5,87.5,,84.3,74.1,90.3,86.7,79.2,90.1,92.9,104.1,119.2,82.4,100.7
2015/01,86.8,87.2,88,80.6,76.2,90.4,84.2,81.4,87.7,94.1,102.5,118.5,83.1,100.9
2015/02,86,86.5,87.7,77.3,75.4,90.3,82,80.2,85.6,94.1,101,118.5,83.1,100.3
2015/03,86.5,87.2,88.1,80.2,74.9,90.9,83.8,81,88.2,93.8,102.6,118.5,83.6,100.9
2015/04,86.6,87.3,88.5,78.3,75.3,91,82.3,81,90,94.8,102,120.5,83.5,101.9
2015/05,86.7,87.3,88.4,78.8,75.5,91,82.2,80.9,88.8,95.1,102.8,120.5,83.7,101.8
2015/06,86.6,87.4,88.5,79.1,75.1,91,81.3,80.5,87.4,95.1,104,120.5,84.4,101.9
2015/07,86.6,87.5,88.7,78.6,75.1,91,80.6,81.1,86,94.9,105,120.5,84.8,101.9
2015/08,86.6,87.3,88.6,77.5,75.6,91,79.8,80,83.8,95,104.9,120.5,85.3,101.6
2015/09,86.7,87.2,88.8,75.2,76.3,91,78.6,80.4,89.3,94.9,102.9,120.5,85.3,101.7
2015/10,86.5,87.1,88.9,74.3,76,91.3,78,81.2,90.2,94.9,102.4,120.5,84.8,101.7
2015/11,86.2,87.1,89.1,73.4,75.2,91.2,77,83.3,91.8,95,102.5,120.5,84.4,101.5
2015/12,86.1,86.9,89.1,72.1,75.4,91.3,76,82.7,89,95.2,102,120.5,84.5,102
2016/01,85.8,86.4,88.9,68.5,76.4,91.3,74.6,81.8,87.8,94.9,99.3,120.5,84.1,102.1
2016/02,85.8,86.4,89,68.1,76.6,91.4,73.6,80.9,88.8,94.7,99.9,120.5,84.3,102.2
2016/03,85.9,86.4,89.2,67.3,76.7,91.5,73.3,81.5,89.2,94.7,99.4,120.5,85,102
2016/04,86.1,86.7,89.4,68.2,76.7,91.5,73.6,81.9,91.5,95.4,99.9,122.4,84.8,102.9
2016/05,86,86.5,89.2,67.8,76.7,91.4,73.7,80.5,90.1,95.3,99,122.4,85.9,102.8
2016/06,86.1,86.7,89.3,69.1,76.6,91.4,73.8,80.8,90.1,95.6,100.3,122.4,85.1,102.8
2016/07,85.9,86.7,89.3,68.5,76.1,91.4,73.6,80.5,89.4,95.8,100.2,122.4,85.6,102.6
2016/08,85.9,86.6,89.3,67.6,76.8,91.4,73,78.9,87.5,95.5,99.9,122.4,86,102.9
2016/09,86,86.6,89.3,67.6,77.1,91.4,72.8,79.4,90.2,95.5,99,122.4,85.8,102.6
2016/10,86.1,86.7,89.5,67.9,77.5,91.2,72.3,80,90.4,95.8,99.9,122.4,86.2,102.4
2016/11,86.4,86.8,89.5,68.2,78.2,91.1,72.6,82.3,90.4,95,99.8,122.4,85.6,102.2
2016/12,86.6,87.4,89.4,72.7,77.1,91.1,76.4,83.1,90,95.1,100.9,122.4,85.4,102.5
2017/01,86.9,87.5,89.5,73.4,77.7,91.1,77.1,83,88.4,94.7,100.9,122.4,85.4,102.8
2017/02,86.6,87.2,89.2,73.4,77.7,91,76.9,82.2,86.7,94.6,100.3,122.4,85.2,102.4
2017/03,86.7,87.4,89.3,73.8,78,91,77.1,80.9,87.1,94.9,99.9,122.4,85.4,102.4
2017/04,86.9,87.6,89.5,74.1,77.6,90.9,77.4,82.1,90,94.9,100.5,122.7,85.8,102.9
2017/05,87,87.7,89.5,75,77.7,91,78.4,81.6,89.6,95.1,100.7,123,86.2,102.3
2017/06,86.9,87.8,89.7,73.9,77.8,91,77.8,80.3,90.1,95.3,100.2,123,86.8,102.2
2017/07,86.7,87.8,89.8,73.7,77.3,90.8,77.8,79.9,88.9,95.2,100.3,123,87.1,102.5
2017/08,86.8,87.9,89.8,74.3,77.1,90.8,78,79.6,86.4,96.6,100.3,123,88,103.1
2017/09,86.7,87.8,89.8,74,77,90.8,77.9,80.4,89,97,99.6,123,87.4,103.3
2017/10,86.9,88.2,90,75.2,76.7,90.8,78.4,81.9,89.2,96.8,100.7,123,87.1,103.4
2017/11,87.3,88.5,90,77,77.5,90.8,79.8,82.2,90.3,96.6,101.4,123,86.5,103.2
2017/12,87.6,88.4,89.9,77.5,78.2,90.8,80.4,82.6,89.5,95.9,101.3,123,86.2,103.2
2018/01,88,88.4,89.9,77.3,80,90.9,80.2,81.9,88.3,95.8,101,123,86,103.2
2018/02,88.2,88.7,89.9,79.1,80.1,90.9,81.4,81.6,87.4,96.5,101.8,123,85.6,103.3
2018/03,87.9,88.6,89.9,79.1,79.2,90.9,81.6,81.2,88.2,96.6,101.9,123,85.4,103.3
2018/04,87.7,88.6,89.9,78.9,78.2,90.8,81.4,81.7,90.4,97.1,101.9,123.3,85.2,103.4
2018/05,87.8,88.8,90,79.7,78.1,90.8,81.9,80.9,90.2,96.9,102.4,123.3,85.9,103.8
2018/06,87.7,88.9,89.9,81.3,77.4,90.9,82.7,80.1,89.2,97.2,102.6,123.3,85.9,103.5
2018/07,87.7,88.8,89.7,81.6,77.6,90.9,83,80.3,87.5,97.1,103,123.3,85.8,103
2018/08,88.2,89,90,81.6,78.5,90.9,83,80.7,85.7,98,103.2,123.3,87.3,103.2
2018/09,88.3,89.1,90,81.9,78.8,90.8,83.3,80.1,89.8,98,102.3,123.3,87,103.6
2018/10,88.7,89.7,90.3,84.1,78.8,90.8,84.9,81.6,90.6,97.9,103.3,123.3,87,104.6
2018/11,88.7,89.8,90.3,84.5,78.6,90.8,85.3,83.3,91,97.4,103.4,123.3,85.5,105.2
2018/12,88.2,89.3,90.1,82.8,78.2,90.8,84.5,81.9,89.9,97.4,102.3,123.3,85.4,105.1
2019/01,88.4,89.2,90.2,81.6,79,91.1,84.1,82.6,88.2,97.2,101.7,123.3,85.4,104.8
2019/02,88.3,89.2,90.2,81.1,78.7,91.1,83.7,82.9,88.8,97,101.6,123.3,86.2,104.9
2019/03,88.3,89.2,90.2,81.4,78.5,91.1,83.8,82.4,89.4,96.7,102.1,123.3,86.5,104.6
2019/04,88.4,89.3,90.4,81.2,78.4,91.4,83.6,83.6,91.6,97,101.5,123.5,86.5,105
2019/05,88.5,89.5,90.3,82.5,78.4,91.4,84.3,85,90.9,96.7,101.9,123.5,85.8,105.1
2019/06,88.7,89.5,90.4,82.3,79.3,91.4,84.1,82.8,91.9,96.7,101,123.5,86.1,105
2019/07,88.5,89.5,90.6,81.6,78.9,91.5,83.8,82.7,91,97,101.4,123.5,86.4,105.1
2019/08,88.8,89.7,90.7,82.1,79.2,91.5,84.4,82.9,90.1,97,101.6,123.5,87.9,104.9
2019/09,88.8,89.5,90.7,80.6,80,91.4,82.9,82.7,93.6,96.7,101,123.5,86.9,104.7
2019/10,88.9,89.9,90.9,81.4,80,92.2,83.4,84.2,94.8,97.8,101.9,117.9,88,98.6
2019/11,89.1,90,91.1,81.6,80.2,92.2,84,85.5,94.6,97.7,102.1,118,87.4,98.9
2019/12,89.1,89.9,91,81.5,80,92.2,83.9,84.9,94.7,97.4,102.3,118,87.8,99.3
2020/01,89.2,89.9,91,82.2,80.5,92.2,84.5,84.5,91.9,97.4,102.6,118.9,87.3,99.2
2020/02,88.8,89.7,90.8,81.7,79.8,92.1,84.4,83,91.6,97,102.3,118.9,87.4,98.3
2020/03,88.6,89.5,90.7,80.3,79.6,92.1,83.6,82.6,91.2,96.9,101.6,118.9,87.7,99.1
2020/04,88.3,88.8,90.7,75.7,80.7,92.1,80.8,83.2,94.1,96.9,99.3,114,87.4,98.4
2020/05,86.3,86.8,88.6,73.8,80.8,92.2,62.3,84,92.7,97.1,98.6,114,88.5,99.2
2020/06,88.1,88.9,90.9,74.7,80.2,92.2,79.9,84.2,92.8,97.6,99,114,87.9,98.4
2020/07,88.2,88.9,90.9,74.4,80.5,92.3,79.2,82.6,90.4,97.2,100.3,114,88.3,98.4
2020/08,88.3,88.8,90.7,75.4,80.8,92.3,79.6,82.4,90.4,96.9,100.8,114,87.3,99.2
2020/09,88.3,89,90.8,75.4,80.7,92.3,79.8,83.6,93.5,96.9,100.3,114,86.5,99.2
2020/10,88.1,88.8,90.8,74.2,80.6,92.3,78.8,84,92.8,96.3,100.1,114,86,100
2020/11,88,88.7,90.8,73.5,80.2,92.4,78.1,86.5,93.6,96.7,100,114,84.6,99.9
2020/12,87.7,88.7,90.8,73.5,79.8,92.4,77.9,86,91.8,96.4,100.2,114,84.7,99.8
2021/01,88.2,88.8,90.8,74,81,92.7,78.1,85.1,88.2,96.1,100.2,114,86.7,99.4
2021/02,88.1,88.9,90.8,75.3,80.3,92.7,79.2,84.9,88.9,95.7,100.3,114,86.9,99.7
2021/03,88.6,89.5,91.1,77.9,80.1,93.4,80.9,86.3,90.8,95.5,100.6,114,87.2,99.9
2021/04,85.9,86.6,87.6,79.4,79.8,93.5,64.3,86.4,92.6,96,93.5,114.2,87,100.1
2021/05,88,88.8,90,80.5,79.8,93.1,82.9,86.2,92.1,96.1,93.7,114.2,88.5,100.4
2021/06,88,88.8,89.8,81.1,80.1,93.1,83.2,84.7,90.8,96,93.7,114.2,88.3,100
2021/07,88.1,89,89.9,82.7,79.9,92.7,84.5,85.4,89.7,96,94.4,114.2,89.3,99.9
2021/08,88.2,88.9,89.7,82.9,80.6,92.6,84.7,84.5,88.4,96.3,93.4,114.2,89,99.9
2021/09,88.4,89,89.8,83.3,81.1,92.7,85.2,83.9,92.7,96.3,93.2,114.2,88.8,100.1
2021/10,88.5,89.2,89.8,85.1,81.1,92.7,86.7,84.2,91.7,96.1,91.8,114.2,89.2,100.8
2021/11,88.8,89.6,89.7,88.7,81.1,92.7,89.4,85.2,91.9,96.3,92.6,114.2,87,100.9
2021/12,88.8,89.4,89.5,88.4,81.5,92.8,89.7,84.2,90.7,95.8,92,114.2,87.1,100.8
2022/01,89.3,89.7,89.7,89.6,82.7,93.3,90.6,84.6,88.5,95.4,91.9,114.2,87.2,101
2022/02,89.7,90.2,89.9,92,82.9,93.3,92.5,84.3,89.3,95.5,92.4,114.2,87.7,100.9
2022/03,90.1,90.6,90.1,94.4,83.3,93.3,94.7,84.5,91,94.7,92.6,114.3,87.9,100.9
2022/04,90.6,91.1,90.6,94.9,83.7,93.2,95.3,88.4,92.2,94.2,93,114.4,88.6,101.1
2022/05,90.7,91.1,90.7,94.6,83.8,93.2,95.6,88.6,92.7,94.4,92.5,114.4,89.4,101.5
2022/06,91,91.5,91.1,94.6,84.4,94.4,95.7,87.8,91.7,94.5,92.4,114.4,89,101.3
2022/07,91.2,91.8,91.5,94.5,83.9,94.7,95.7,88.7,90.4,94.6,93.8,114.4,90.1,101.3
2022/08,91.6,92.1,91.8,94.2,85.1,94.7,95.8,87.9,89.7,95,93.4,114.4,90.9,101.5
2022/09,92,92.5,92.2,94.7,85.7,94.7,95.9,88.8,94.4,95.5,93.7,114.4,90.9,102
2022/10,91.9,92.5,92.2,94.2,85.3,94.9,95.7,89.9,94.9,95.6,93.6,114.4,89.9,102.2
2022/11,92.1,92.7,92.5,94.4,86.5,94.9,95.4,89.3,97.2,95.9,94.1,114.4,87.4,102.2
2022/12,92.6,93.1,92.7,96.5,87.2,94.9,97.5,89.2,95.4,95.9,94.3,114.4,87.3,102.6
2023/01,92.9,93.2,92.7,96.9,87.8,95.2,98.1,87.9,94,95.8,94.1,114.4,88.6,102.5
2023/02,92.4,92.7,93.1,89.7,88.4,95.8,90.7,86.8,94.2,96,94,114.4,88.9,103
2023/03,92.9,93.2,93.8,89.2,89.1,96,90.5,90.1,96.5,96.3,94.4,114.4,89.8,101.8
2023/04,93.4,93.8,94.4,88.8,89.8,96.2,90.1,93,99,96.4,94.2,114.3,90.6,103.4
2023/05,93.7,93.9,94.9,86.2,91.2,96.2,87.4,92.9,99.1,97,94.3,114.3,93.1,102.8
2023/06,93.8,94.4,94.8,91.6,90.3,96.2,92.7,90.7,97.7,97.3,94.7,114.3,91.5,103
2023/07,94.2,94.7,95.2,91.3,90.5,96.2,91.7,92.3,96.3,97.2,96.4,114.3,93.1,103.8
2023/08,94.6,95.2,95.6,92.6,90.8,96.5,91.9,91.4,93.8,97.4,97.5,114.3,95.5,103.9
2023/09,95.2,95.4,95.8,92.3,92.3,96.6,91.2,91.5,98.8,97.4,97.7,114.3,95,104.2
2023/10,95.9,96,96.4,93.4,93.3,96.9,93.3,94.4,99.9,98.5,97.3,114.3,95.5,103.7
2023/11,95.5,95.8,96.3,92,92.7,96.9,92.2,93.2,100.1,98.3,97.1,114.3,94.2,103.8
2023/12,95.4,95.6,96.2,91.7,92.8,96.8,92,93.6,99.2,98.3,96.9,114.3,94.6,102.8
2024/01,95.6,95.7,96.3,91.6,93.2,97.4,91.8,94.4,99,98,96.9,114.4,93.9,103.2
2024/02,95.4,95.6,96.3,90.8,93,97.5,91.6,93,97.1,98.1,96.4,114.4,94.6,103.3
2024/03,95.8,95.9,96.6,91.5,93.5,97.5,92.5,94.6,97.2,98.7,96.3,114.4,95.2,104.1
2024/04,96.2,96.2,96.8,92.2,93.9,97.8,92.6,95.6,98.9,98.4,97,114.2,95.3,104.1
2024/05,96.5,96.5,96.9,94.3,93.5,97.9,95,94.2,98.8,98.7,96.7,114.2,97.8,104
2024/06,96.8,97.1,97.1,96.4,93.6,97.9,97.2,94.6,99.7,99.1,96.8,114.2,97.6,104
2024/07,97.3,97.8,97.6,99.6,93.4,97.9,100,97.6,98.4,99.3,97.3,114.2,99,104
2024/08,97.5,97.8,97.7,98.6,94.1,97.7,99.5,96.6,97.9,99.3,97,114.2,100.6,104.8
2024/09,97.5,97.6,98.1,94.1,95.6,97.7,94.6,97.1,100.3,99.2,97.1,114.2,99.4,105.1
2024/10,97.5,97.7,98.2,94.2,95.3,98.4,94.8,97.9,101.1,99.4,97.1,114.2,99.7,102.6
2024/11,97.6,97.9,98.2,95.7,96.1,98.4,96.4,97.6,100.9,99.3,97.3,114.2,96.8,102.3
2024/12,98.4,98.2,98.1,99,97.1,98.4,99.5,98.1,100.6,99.1,97.8,114.2,96.6,102.6
2025/01,99.7,99.2,98.9,102,99.1,99.3,101.8,98.2,98.7,98.9,98.6,105.3,97.4,108.6
2025/02,99.2,99,99,99.6,98.2,99.5,98.6,96.8,97.9,98.9,99.1,105.3,97.8,108.6
2025/03,99.5,99.3,99.3,99.7,98.8,99.6,98.8,98.1,98.2,98.7,99.2,105.3,98.2,108.5
2025/04,99.5,99.4,99,102.4,99.1,99.7,101.3,100.2,100.3,98.6,99.6,98.2,99.6,96.7
2025/05,99.8,99.9,99.4,104.3,99.1,99.7,103.5,100.9,99.8,99.8,99.4,98.2,100.5,97
2025/06,99.7,99.9,99.7,101.3,99,99.6,102.2,100.5,99.5,100.3,99.8,98.2,100.1,97
2025/07,100,100.3,100.2,101.2,99.5,100.5,101.6,100.1,99.9,99.6,100.3,98.2,100.9,96.7
2025/08,99.8,99.9,100.2,97.1,99.7,100.3,97.1,101.2,99.3,99.9,100.8,98.2,101.9,96.8
2025/09,100,100.2,100.5,97.2,100.6,100.3,97.3,100.6,101.3,101.2,100.6,98.2,101,97
2025/10,100.6,100.8,101.2,97.2,101.7,100.2,97.3,102.3,100.9,101.6,101.3,98.2,101.9,97.9
2025/11,101.1,101.2,101.4,99.7,102.4,100.6,100.2,102.3,101.8,101.3,101.2,98.2,100.5,97.8
2025/12,100.9,100.9,101.2,98.4,102.8,100.7,100.3,98.8,102.2,101.2,100.2,98.2,100.1,97.6
2026/01,100.9,100.8,101.2,97.7,103,100.7,100.6,99.3,98.1,101.2,99.8,98.2,99.5,98
2026/02,100.3,100.2,101.3,92,102.8,100.8,94.3,99.4,97.3,100.7,100.2,98.2,100.1,98.1
2026/03,101,101,101.6,96.2,103.2,100.9,97.1,101.5,98.5,101.8,101.4,98.2,100.4,98.1
2026/04,101.9,102,102,101.9,103.6,101.4,103.4,99.3,100.4,101.8,101.5,94.8,100.6,98.5
2026/05,102.5,102.5,102.2,105,104.4,101.4,106,99,100.2,101.7,102.4,94.8,100.9,98.7
2026/06,102.4,102.7,102.5,104.6,103.7,101.3,105.8,100.2,99.8,102.8,102.8,94.8,100.8,98.7
2026/07,102.6,102.9,102.8,103.8,103.9,101.1,104.8,101.5,98.6,103.6,103.1,94.8,101.9,100