年月日	総数	男	女	人口増減数	自然増減数	出生者数	死亡者数	社会増減数	県外からの転入者数	県外への転出者数	世帯数	世帯増減数
2011-01-01	1371440	645193	726247	-587	-575	742	1317	-12	1151	1163	513831	113
2011-02-01	1370616	644812	725804	-824	-759	830	1589	-65	1058	1123	513788	-43
2011-03-01	1369747	644310	725437	-869	-620	681	1301	-249	1017	1266	513875	87
2011-04-01	1365932	642187	723745	-3815	-782	797	1579	-3033	2887	5920	513372	-503
2011-05-01	1365013	641714	723299	-919	-600	738	1338	-319	3911	4230	515039	1667
2011-06-01	1364631	641502	723129	-382	-528	879	1407	146	2224	2078	515328	289
2011-07-01	1364252	641261	722991	-379	-406	853	1259	27	1506	1479	515561	233
2011-08-01	1363895	641084	722811	-357	-418	796	1214	61	2013	1952	515970	409
2011-09-01	1363591	640968	722623	-304	-450	877	1327	146	2210	2064	516241	271
2011-10-01	1363038	640662	722376	-553	-443	781	1224	-110	1474	1584	516494	253
2011-11-01	1362455	640365	722090	-583	-618	775	1393	35	1479	1444	516720	226
2011-12-01	1361835	640067	721768	-620	-572	793	1365	-48	1154	1202	516791	71
2012-01-01	1361053	639658	721395	-782	-726	732	1458	-56	1035	1091	516824	33
2012-02-01	1360012	639170	720842	-1041	-805	816	1621	-236	963	1199	516672	-152
2012-03-01	1358799	638575	720224	-1213	-893	709	1602	-320	1012	1332	516507	-165
2012-04-01	1353174	635460	717714	-5625	-756	742	1498	-4869	3822	8691	515737	-770
2012-05-01	1352715	635268	717447	-459	-661	716	1377	202	3907	3705	517804	2067
2012-06-01	1352007	634904	717103	-708	-674	832	1506	-34	1488	1522	518059	255
2012-07-01	1351462	634663	716799	-545	-579	692	1271	34	1270	1236	518295	236
2012-08-01	1350937	634474	716463	-525	-479	827	1306	-46	1829	1875	518987	692
2012-09-01	1350523	634348	716175	-414	-548	823	1371	134	1931	1797	519291	304
2012-10-01	1349969	634196	715773	-554	-445	736	1181	-109	1382	1491	519453	162
2012-11-01	1349295	633891	715404	-674	-756	814	1570	82	1606	1524	519633	180
2012-12-01	1348616	633609	715007	-679	-690	750	1440	11	1158	1147	519720	87
2013-01-01	1347650	633189	714461	-966	-807	742	1549	-159	959	1118	519532	-188
2013-02-01	1346535	632638	713897	-1115	-994	816	1810	-121	1010	1131	519479	-53
2013-03-01	1345439	632089	713350	-1096	-822	655	1477	-274	992	1266	519307	-172
2013-04-01	1338972	628700	710272	-6467	-797	704	1501	-5670	3440	9110	517985	-1322
2013-05-01	1339044	628822	710222	72	-690	768	1458	762	4085	3323	520666	2681
2013-06-01	1338181	628322	709859	-863	-634	794	1428	-229	1330	1559	520806	140
2013-07-01	1337580	628017	709563	-601	-546	683	1229	-55	1218	1273	520884	78
2013-08-01	1337098	627880	709218	-482	-488	813	1301	6	1760	1754	521350	466
2013-09-01	1336664	627695	708969	-434	-508	781	1289	74	1854	1780	521572	222
2013-10-01	1336206	627579	708627	-458	-523	750	1273	65	1563	1498	521852	280
2013-11-01	1335656	627359	708297	-550	-526	889	1415	-24	1527	1551	522039	187
2013-12-01	1334803	626931	707872	-853	-713	732	1445	-140	1066	1206	522071	32
2014-01-01	1333729	626454	707275	-1074	-756	738	1494	-318	919	1237	521949	-122
2014-02-01	1332587	625865	706722	-1142	-1010	774	1784	-132	1042	1174	521854	-95
2014-03-01	1331624	625397	706227	-963	-699	657	1356	-264	1028	1292	521707	-147
2014-04-01	1325767	622271	703496	-5857	-730	745	1475	-5127	3923	9050	520637	-1070
2014-05-01	1325297	622167	703130	-470	-714	711	1425	244	3608	3364	522861	2224
2014-06-01	1324485	621682	702803	-812	-552	775	1327	-260	1252	1512	523015	154
2014-07-01	1323719	621258	702461	-766	-572	711	1283	-194	1247	1441	523160	145
2014-08-01	1323182	621004	702178	-537	-456	840	1296	-81	1584	1665	523437	277
2014-09-01	1322461	620733	701728	-721	-532	749	1281	-189	1669	1858	523626	189
2014-10-01	1321895	620565	701330	-566	-603	831	1434	37	1528	1491	523778	152
2014-11-01	1321130	620185	700945	-765	-721	784	1505	-44	1427	1471	523852	74
2014-12-01	1320329	619808	700521	-801	-729	657	1386	-72	931	1003	523708	-144
2015-01-01	1319297	619304	699993	-1032	-845	680	1525	-187	965	1152	523561	-147
2015-02-01	1318059	618669	699390	-1238	-1072	705	1777	-166	1064	1230	523470	-91
2015-03-01	1316886	618120	698766	-1173	-754	642	1396	-419	965	1384	523276	-194
2015-04-01	1310809	614893	695916	-6077	-724	737	1461	-5353	3806	9159	522501	-775
2015-05-01	1310743	615057	695686	-66	-593	735	1328	527	3458	2931	524657	2156
2015-06-01	1309993	614668	695325	-750	-661	707	1368	-89	1222	1311	524731	74
2015-07-01	1309272	614260	695012	-721	-607	750	1357	-114	1257	1371	524816	85
2015-08-01	1308552	614004	694548	-720	-620	724	1344	-100	1695	1795	525056	240
2015-09-01	1307723	613658	694065	-829	-669	713	1382	-160	1670	1830	525120	64
2015-10-01	1308649	614608	694041	-693	-592	736	1328	-101	1521	1622	510948	221
2015-11-01	1307847	614210	693637	-802	-774	707	1481	-28	1447	1475	511050	102
2015-12-01	1307015	613840	693175	-832	-758	745	1503	-74	1057	1131	510916	-134
2016-01-01	1306105	613420	692685	-910	-782	724	1506	-128	1052	1180	510801	-115
2016-02-01	1304593	612919	691674	-1128	-889	777	1666	-239	912	1151	510662	-136
2016-03-01	1303392	612373	691019	-1201	-881	662	1543	-320	1088	1408	510487	-175
2016-04-01	1297378	609235	688143	-6014	-740	743	1483	-5274	3828	9102	509465	-1022
2016-05-01	1297165	609299	687866	-213	-715	711	1426	502	3450	2948	511859	2394
2016-06-01	1296266	608773	687493	-899	-731	707	1438	-168	1254	1422	511844	-15
2016-07-01	1295463	608413	687050	-803	-641	689	1330	-162	1126	1288	511847	3
2016-08-01	1294831	608132	686699	-632	-532	716	1248	-100	1637	1737	512046	199
2016-09-01	1294209	607941	686268	-622	-641	803	1444	19	1752	1733	512214	168
2016-10-01	1293681	607729	685952	-528	-594	742	1336	66	1478	1412	512447	233
2016-11-01	1293130	607473	685657	-551	-677	758	1435	126	1353	1227	512550	103
2016-12-01	1292212	607074	685138	-918	-802	711	1513	-116	1002	1118	512447	-103
2017-01-01	1291206	606639	684567	-1006	-819	666	1485	-187	920	1107	512228	-219
2017-02-01	1290008	606029	683979	-1198	-1115	704	1819	-83	978	1061	511994	-234
2017-03-01	1288791	605418	683373	-1217	-857	621	1478	-360	999	1359	511774	-220
2017-04-01	1282545	602241	680304	-6246	-900	665	1565	-5346	3993	9339	510590	-1184
2017-05-01	1282136	602187	679949	-409	-803	624	1427	394	3420	3026	513065	2475
2017-06-01	1281461	601833	679628	-675	-752	738	1490	77	1366	1289	513260	195
2017-07-01	1280651	601351	679300	-810	-674	643	1317	-136	1193	1329	513302	42
2017-08-01	1279829	601046	678783	-822	-672	651	1323	-150	1699	1849	513525	223
2017-09-01	1278997	600700	678297	-832	-742	669	1411	-90	1685	1775	513611	86
2017-10-01	1278581	600560	678021	-416	-565	721	1286	149	1578	1429	513912	301
2017-11-01	1277949	600252	677697	-632	-790	712	1502	158	1455	1297	514022	110
2017-12-01	1277086	599949	677137	-863	-793	649	1442	-70	974	1044	513975	-47
2018-01-01	1276119	599502	676617	-967	-831	674	1505	-136	944	1080	513707	-268
2018-02-01	1274939	598944	675995	-1180	-1062	708	1770	-118	973	1091	513529	-178
2018-03-01	1273573	598360	675213	-1366	-940	626	1566	-426	963	1389	513184	-345
2018-04-01	1266889	594942	671947	-6684	-1003	617	1620	-5681	3686	9367	511892	-1292
2018-05-01	1266707	595089	671618	-182	-819	586	1405	637	3393	2756	514212	2320
2018-06-01	1265852	594602	671250	-855	-811	717	1528	-44	1369	1413	514417	205
2018-07-01	1264951	594144	670807	-901	-737	624	1361	-164	1109	1273	514380	-37
2018-08-01	1264201	593838	670363	-750	-732	660	1392	-18	1645	1663	514575	195
2018-09-01	1263717	593737	669980	-484	-719	728	1447	235	1840	1605	514901	326
2018-10-01	1262815	593290	669525	-902	-709	642	1351	-193	1210	1403	514846	-55
2018-11-01	1262049	592947	669102	-766	-879	648	1527	113	1445	1332	514945	99
2018-12-01	1261169	592569	668600	-880	-844	659	1503	-36	1094	1130	514906	-39
2019-01-01	1260126	592067	668059	-1043	-898	595	1493	-145	989	1134	514788	-118
2019-02-01	1258757	591433	667324	-1369	-1260	612	1872	-109	1077	1186	514501	-287
2019-03-01	1257085	590543	666542	-1672	-1086	560	1646	-586	966	1552	513908	-593
2019-04-01	1250447	587119	663328	-6638	-865	597	1462	-5773	3410	9183	512889	-1019
2019-05-01	1250388	587261	663127	-59	-913	605	1518	854	3444	2590	514930	2041
2019-06-01	1249315	586720	662595	-1073	-1005	635	1640	-68	1360	1428	514888	-42
2019-07-01	1248340	586255	662085	-975	-703	611	1314	-272	1091	1363	514769	-119
2019-08-01	1247658	586057	661601	-682	-775	643	1418	93	1826	1733	515136	367
2019-09-01	1246877	585702	661175	-781	-856	589	1445	75	1692	1617	515276	140
2019-10-01	1246291	585461	660830	-586	-847	569	1416	261	1592	1331	515482	206
2019-11-01	1245301	584988	660313	-990	-903	646	1549	-87	1262	1349	515439	-43
2019-12-01	1244403	584597	659806	-898	-986	575	1561	88	1074	986	515368	-71
2020-01-01	1243282	584080	659202	-1121	-1018	553	1571	-103	942	1045	515161	-207
2020-02-01	1241902	583414	658488	-1380	-1230	582	1812	-150	1117	1267	514866	-295
2020-03-01	1240587	582838	657749	-1315	-973	506	1479	-342	1025	1367	514516	-350
2020-04-01	1234523	579730	654793	-6064	-976	561	1537	-5088	3634	8722	513604	-912
2020-05-01	1234393	579791	654602	-130	-856	624	1480	726	3211	2485	516031	2427
2020-06-01	1233585	579411	654174	-808	-819	563	1382	11	915	904	515980	-51
2020-07-01	1232681	578939	653742	-904	-790	631	1421	-114	1027	1141	516179	199
2020-08-01	1232064	578750	653314	-617	-729	626	1355	112	1506	1394	516693	514
2020-09-01	1231561	578640	652921	-503	-794	591	1385	291	1478	1187	516986	293
2020-10-01	1237984	583402	654582	-846	-862	547	1409	16	1292	1276	511526	119
2020-11-01	1237123	583035	654088	-861	-939	587	1526	78	1258	1180	511634	108
2020-12-01	1235999	582500	653499	-1124	-1057	536	1593	-67	926	993	511426	-208
2021-01-01	1234922	581990	652932	-1077	-1054	513	1567	-23	1008	1031	511222	-204
2021-02-01	1233612	581319	652293	-1310	-1294	487	1781	-16	1027	1043	510934	-288
2021-03-01	1232303	580617	651686	-1309	-1084	453	1537	-225	1023	1248	510734	-200
2021-04-01	1226704	577732	648972	-5599	-1080	584	1664	-4519	3583	8102	510118	-616
2021-05-01	1226052	577551	648501	-652	-928	604	1532	276	2861	2585	511920	1802
2021-06-01	1224781	576924	647857	-1271	-1010	540	1550	-261	884	1145	511699	-221
2021-07-01	1223717	576436	647281	-1064	-900	546	1446	-164	1015	1179	511498	-201
2021-08-01	1222949	576212	646737	-768	-910	554	1464	142	1460	1318	511662	164
2021-09-01	1222051	575775	646276	-898	-963	621	1584	65	1322	1257	511430	-232
2021-10-01	1221305	575531	645774	-746	-958	564	1522	212	1423	1211	511448	18
2021-11-01	1220315	575169	645146	-990	-958	550	1508	-32	1167	1199	511357	-91
2021-12-01	1219219	574658	644561	-1096	-1066	515	1581	-30	1038	1068	511164	-193
2022-01-01	1217988	574116	643872	-1231	-1163	473	1636	-68	996	1064	510784	-380
2022-02-01	1216386	573399	642987	-1602	-1367	530	1897	-235	898	1133	510323	-461
2022-03-01	1214864	572686	642178	-1522	-1148	473	1621	-374	839	1213	509895	-428
2022-04-01	1209012	569766	639246	-5852	-1252	525	1777	-4600	3346	7946	509282	-613
2022-05-01	1208675	569850	638825	-337	-1047	470	1517	710	3229	2519	511343	2061
2022-06-01	1207975	569445	638530	-700	-1133	532	1665	433	1662	1229	511802	459
2022-07-01	1207127	569009	638118	-848	-946	476	1422	98	1375	1277	511848	46
2022-08-01	1206193	568608	637585	-934	-987	480	1467	53	1724	1671	511946	98
2022-09-01	1205356	568367	636989	-837	-1100	557	1657	263	1883	1620	511967	21
2022-10-01	1204343	567893	636450	-1013	-1082	519	1601	69	1448	1379	512061	94
2022-11-01	1203253	567491	635762	-1090	-1207	501	1708	117	1329	1212	512009	-52
2022-12-01	1202030	566913	635117	-1223	-1273	484	1757	50	1152	1102	511758	-251
2023-01-01	1200464	566223	634241	-1566	-1534	470	2004	-32	1074	1106	511356	-402
2023-02-01	1198490	565310	633180	-1974	-1634	498	2132	-340	941	1281	510781	-575
2023-03-01	1196789	564485	632304	-1701	-1329	441	1770	-372	977	1349	510227	-554
2023-04-01	1190685	561430	629255	-6104	-1294	491	1785	-4810	3360	8170	509434	-793
2023-05-01	1190195	561336	628859	-490	-1099	480	1579	609	3214	2605	511088	1654
2023-06-01	1189091	560764	628327	-1104	-1171	515	1686	67	1333	1266	511135	47
2023-07-01	1188044	560321	627723	-1047	-1079	488	1567	32	1220	1188	510966	-169
2023-08-01	1186920	559830	627090	-1124	-1048	477	1525	-76	1544	1620	510977	11
2023-09-01	1185821	559294	626527	-1099	-1312	509	1821	213	1723	1510	511004	27
2023-10-01	1184558	558746	625812	-1263	-1252	439	1691	-11	1304	1315	510904	-100
2023-11-01	1183497	558229	625268	-1061	-1254	491	1745	193	1395	1202	510966	62
2023-12-01	1182185	557638	624547	-1312	-1281	465	1746	-31	1060	1091	510754	-212
2024-01-01	1180672	556921	623751	-1513	-1439	450	1889	-74	1047	1121	510353	-401
2024-02-01	1178731	556031	622700	-1941	-1637	443	2080	-304	922	1226	509749	-604
2024-03-01	1176949	555164	621785	-1782	-1344	400	1744	-438	952	1390	509271	-478
2024-04-01	1170621	551791	618830	-6328	-1365	382	1747	-4963	3058	8021	507979	-1292
2024-05-01	1170015	551668	618347	-606	-1349	435	1784	743	3127	2384	509858	1879
2024-06-01	1168783	551081	617702	-1232	-1238	449	1687	6	1252	1246	509820	-38
2024-07-01	1167706	550503	617203	-1077	-1068	393	1461	-9	1131	1140	509690	-130
2024-08-01	1166875	550149	616726	-831	-1070	498	1568	239	1718	1479	509849	159
2024-09-01	1165747	549696	616051	-1128	-1155	429	1584	27	1554	1527	509741	-108
2024-10-01	1164752	549256	615496	-995	-1205	409	1614	210	1414	1204	509727	-14
2024-11-01	1163607	548705	614902	-1145	-1210	471	1681	65	1276	1211	509674	-53
2024-12-01	1162310	548146	614164	-1297	-1277	443	1720	-20	1028	1048	509399	-275
2025-01-01	1160854	547376	613478	-1456	-1471	385	1856	15	1094	1079	508953	-446
2025-02-01	1159066	546463	612603	-1788	-1720	409	2129	-68	996	1064	508386	-567
2025-03-01	1157450	545688	611762	-1616	-1279	337	1616	-337	955	1292	507985	-401
2025-04-01	1151871	542926	608945	-5579	-1365	393	1758	-4214	3310	7524	507461	-524
2025-05-01	1150931	542626	608305	-940	-1255	402	1657	315	2900	2585	508864	1403
2025-06-01	1149658	542052	607606	-1273	-1218	396	1614	-55	1217	1272	508726	-138
2025-07-01	1148470	541492	606978	-1188	-1175	390	1565	-13	1231	1244	508538	-188
2025-08-01	1147374	541094	606280	-1096	-1179	410	1589	83	1637	1554	508529	-9
2025-09-01	1146455	540726	605729	-919	-1067	410	1477	148	1552	1404	508451	-78
2025-10-01	1140395	537900	602495	-980	-1180	393	1573	200	1433	1233	508434	-17
2025-11-01	1139431	537525	601906	-964	-1212	438	1650	248	1391	1143	508410	-24
2025-12-01	1138032	536888	601144	-1399	-1343	332	1675	-56	913	969	507938	-472
2026-01-01	1136668	536277	600391	-1364	-1360	417	1777	-4	1053	1057	507466	-472
2026-02-01	1134785	535336	599449	-1883	-1590	446	2036	-293	893	1186	506720	-746
2026-03-01	1133265	534599	598666	-1520	-1267	369	1636	-253	986	1239	506324	-396
2026-04-01	1127707	531699	596008	-5558	-1397	367	1764	-4161	3146	7307	505555	-769
2026-05-01	1126891	531507	595384	-816	-1145	380	1525	329	2939	2610	507030	1475
2026-06-01	1125618	530864	594754	-1273	-1129	409	1538	-144	1082	1226	506796	-234
2026-07-01	1129640	532809	596831	-1058	-1006	427	1433	-52	1226	1278	506584	-212
2026-08-01	1128885	532502	596383	-755	-1010	397	1407	255	1713	1458	506804	220
2026-09-01	1127748	532064	595684	-1137	-1096	361	1457	-41	1394	1435	506544	-260
